LON,LAT,ESTADO,CVE_SIH,NOMBRE_ESTACION,DIC
-102.31,21.9,AGS,AGSAG,AGUASCALIENTES,77.5
-102.59,22.18,AGS,ALMAG,ALAMITOS (CAMPAMENTO),15.4
-102.47,22.19,AGS,ANVAG,CINCUENTA ANIVERSARIO,92.2
-102.67,22,AGS,CDRAG,LA CODORNIZ,104.9
-102.2,22.01,AGS,CHOAG,CAÒADA HONDA,67.5
-102.19,21.83,AGS,CLVAG,CALVILLITO,69.5
-102,21.9,AGS,CNSAG,LOS CONOS,64.6
-102.3,22.36,AGS,CSOAG,COSIO,106.5
-102.35,22.12,AGS,JCQAG,JOCOQUE,99.5
-102.8,21.79,AGS,MNLAG,MEDIA LUNA,103.7
-102.44,21.78,AGS,NGRAG,EL NIAGARA,88.4
-102,22.02,AGS,NVLAG,EL NOVILLO                         *,57
-102.29,21.85,AGS,OBSAG,OBSERVATORIO,80.1
-101.97,21.92,AGS,PALAG,PALO ALTO,69.5
-102.29,22.16,AGS,PBLAG,PABELLON,80
-102.42,22.14,AGS,PECAG,CALLES,113
-102.14,22.2,AGS,PTOAG,PUERTO DE LA CONCEPCION,93
-102.44,22.24,AGS,PTRAG,POTRERILLOS,127.6
-102.11,21.89,AGS,SNVAG,SANDOVALES,63.5
-102.13,21.81,AGS,TNJAG,LA TINAJA II,70
-102.07,22.1,AGS,VJZAG,VILLA JUAREZ,68.7
-116.91,32.45,BC,ALRBN,ABELARDO L. RODRIGUEZ,13.6
-113.56,28.9,BC,BAABN,"BAHIA DE LOS ANGELES, BC.  SMN",2.7
-116.7,32.48,BC,CRRBN,EL CARRIZO,18
-113.46,27.64,BC,DIABN,"Gustavo DÌçaz Ordaz, B.C.S.  SMN*",11.9
-116.81,32.47,BC,EFLBN,EL FLORIDO,8.1
-116.17,31.1,BC,ELZBN,EMILIO LOPEZ ZAMORA,23
-115.19,32.41,BC,ENLBN,EJIDO NUEVO LEON,0.8
-115.27,32.39,BC,MXCBN,MEXICALI,2.1
-114.73,32.7,BC,PDMBN,PRESA DERIVADORA MORELOS,1
-116.6,31.89,BC,PLZBN,"LÛpez Zamora, B.C.  SMN*",27.4
-114.85,31.03,BC,SFLBN,SAN FELIPE,2.8
-115.94,30.53,BC,SQNBN,"San Quintin, B.C. SMN*",6.3
-111.66,25,BCS,CCNBS,CD. CONSTITUCION,3.1
-111.66,25.01,BCS,CONBS,CD. CONSTITUCION (AUTOMATICA),4.1
-109.91,22.88,BCS,CSLBS,CABO SAN LUCAS,0
-113.42,27.78,BCS,DORBS,DIAZ ORDAZ,11
-114.05,27.97,BCS,GNGBS,GUERRERO NEGRO,9.5
-109.7,23.68,BCS,LBABS,LOS BARRILES,0
-110.37,24.15,BCS,LPZBS,LA PAZ,1.3
-111.34,26.02,BCS,LRTBS,LORETO,0
-112,26.87,BCS,MLGBS,MULEGE,3.5
-109.98,24.07,BCS,PLNBS,LOS PLANES,4
-109.55,23.58,BCS,RBRBS,LA RIBERA,0
-110.05,23.8,BCS,SANBS,SAN ANTONIO,5.3
-109.6,23.03,BCS,SARBS,EL SARGENTO,11
-109.88,23.72,BCS,SBABS,SAN BARTOLO,2
-109.67,23.05,BCS,SJCBS,SAN JOSE DEL CABO,0
-109.72,23.45,BCS,SNTBS,SANTIAGO,0
-112.28,27.3,BCS,SRLBS,SANTA ROSALIA,0
-112.27,27.34,BCS,STRBS,"SANTA ROSALÕA, BCS. AUTOMATICA",0
-110.22,23.43,BCS,TSNBS,TODOS SANTOS,0
-89.74,20,CAMP,BOLCA,BOLONCHEN,64.5
-90.72,19.36,CAMP,CANCA,CANASAYAB,47.9
-90.55,19.85,CAMP,CAMCA,"Campeche, Camp.  SMN*",49.2
-91.76,18.65,CAMP,CARCA,EL CARMEN,200.1
-90.72,19.36,CAMP,CHMCA,CHAMPOTON,81.1
-90.54,19.84,CAMP,CMPCA,CAMPECHE,55.5
-91.05,18.18,CAMP,CNDCA,CANDELARIA,119
-90.54,19.84,CAMP,COBCA,CAMPECHE OBSERVATORIO,58.5
-90.74,18.61,CAMP,ESCCA,ESCARCEGA,76.1
-90.14,20.2,CAMP,HECCA,HECELCHAKAN,57.3
-89.84,19.76,CAMP,HPOCA,HOPELCHEN,26.1
-90.22,19.44,CAMP,NYXCA,NOH-YAXCHE,46.9
-92.09,18.13,CAMP,PLZCA,PALIZADA,275
-91.2,18.9,CAMP,SBNCA,SABANCUY,124
-89.87,19.71,CAMP,XCPCA,XCUPIL,23.9
-108.08,29.22,CHIH,C08219,"PE—ITAS, MADERA",93
-107.63,28.52,CHIH,AGZCH,PRESA ABRAHAM GONZALEZ,0
-107.25,28.8,CHIH,BACCH,BACHINIVA,26
-108.21,28.2,CHIH,BASCH,"Basaseachic, Chih.  SMN*",242.1
-108.21,28.21,CHIH,BSSCH,BASSASEACHIC,171.8
-107.72,27.03,CHIH,BTPCH,BATOPILAS,125.3
-107.9,27.9,CHIH,BTVCH,BATOVIRA,128.1
-107.9,30.5,CHIH,CAGCH,CASAS GRANDES,6
-105.17,27.69,CHIH,CCOCH,CD. CAMARGO,4.1
-105.46,28.2,CHIH,CDLCH,CD. DELICIAS,10
-108.54,27.39,CHIH,CHICH,"CHINIPAS, (AUTOMATICA)",3
-106.17,28.57,CHIH,CHUCH,PRESA CHIHUAHUA,12
-106.44,31.74,CHIH,CJZCH,CD. JUAREZ,1
-108.54,27.42,CHIH,CNDCH,CHINIPAS,100
-106.11,28.61,CHIH,ERECH,PRESA EL REJON,12
-105.63,28.17,CHIH,FIMCH,P. FRANCISCO I. MADERO,7.7
-107.07,26.82,CHIH,GCCCH,"GUACHOCHI, (AUTOMATICA)",130.3
-108.3,29.2,CHIH,GPCCH,GUAPOCA,115.2
-107.28,26.68,CHIH,GRCCH,GUERACHIC,90.4
-106.96,26.1,CHIH,GYCCH,GUADALUPE Y CALVO,145
-107.88,26.87,CHIH,IGNCH,SAN IGNACIO,118
-105.39,27.54,CHIH,LBQCH,LA BOQUILLA,1.4
-106.98,29.94,CHIH,LJSCH,PRESA LAS LAJAS,4.2
-105.28,28.98,CHIH,LLNCH,PRESA LUIS L. LEON,6.5
-107.99,27.86,CHIH,MAGCH,"MAGUARICHI, (AUTOMATICA)",31.7
-104.4,29.57,CHIH,OJNCH,OJINAGA,0
-105.55,26.55,CHIH,PAGCH,PICO DE AGUILA,9.6
-105.7,26.9,CHIH,PRRCH,PARRAL,9.9
-106.09,28.66,CHIH,QIJCH,OBSERVATORIO CHIHUAHUA,3.4
-107.85,28.95,CHIH,TMCCH,TEMOSACHIC,64.5
-107.4,29.56,CHIH,TNTCH,PRESA EL TINTERO,13.7
-107.84,27.3,CHIH,URECH,URIQUE ESTACION  II,163.2
-107.92,27.22,CHIH,URICH,"URIQUE, (AUTOMATICA)",169.2
-105.16,26.75,CHIH,VICCH,VILLA CORONADO,16
-108.38,28.42,CHIH,YEPCH,YEPACHE,124
-92.8,16.55,CHIS,ACACP,ACALA,3.7
-92.76,16.45,CHIS,ANGCP,ANGOSTURA,0
-93.9,16.24,CHIS,AROCP,ARRIAGA METEOROLOGICO,1.5
-93.15,16.64,CHIS,BOQCP,BOQUERON,6.2
-92.48,16.31,CHIS,CASCP,CASCAJAL,0.9
-93.1,16.93,CHIS,CHICP,CHICOASEN,23
-92.28,15.75,CHIS,CHMCP,CHICOMUSELO,38.8
-92.1,16.2,CHIS,COOCP,COMITAN METEOROLOGICO,23.7
-93.13,16.64,CHIS,GRICP,GRIJALVA,18.8
-92.92,15.92,CHIS,JSBCP,JUAN SABINES (CUSTAPEQUES),0
-93.56,16.7,CHIS,LFLCP,LAS FLORES,2.4
-93.58,17.22,CHIS,MALCP,MALPASO (NETZAHUALCOYOTL),376.9
-93.16,17.22,CHIS,OCOCP,OCOTEPEC,867.1
-91.97,15.85,CHIS,PCOCP,PUENTE CONCORDIA,26.1
-93.45,17.41,CHIS,PE•CP,PRESA PE—ITAS,723.3
-93.39,17.58,CHIS,PLACP,PLATANAR                            *,358
-93.55,17.35,CHIS,RCACP,ROMULO CALZADA,505.4
-92.67,15.92,CHIS,REFCP,REFORMA,21.4
-93.75,16.16,CHIS,REVCP,REVOLUCION MEXICANA,0.6
-92.35,17.57,CHIS,SAACP,SALTO DE AGUA,423.9
-93.38,17.43,CHIS,SAYCP,SAYULA,1138.2
-92.63,16.73,CHIS,SCOCP,SAN CRISTOBAL METEOROLOGICO,12
-92.11,15.78,CHIS,SDOCP,SANTO DOMINGO,1
-92.24,15.78,CHIS,SMICP,SAN MIGUEL,22
-92.82,16.94,CHIS,SNACP,SANTA MARIA,224.8
-92.25,14.92,CHIS,TAPCP,TAPACHULA OBSERVATORIO,0
-93.75,16.09,CHIS,TONCP,TONALA,0
-93.02,17.75,CHIS,TUXCP,TUXTLA GUTIERREZ PALMAS,1.6
-93.13,16.75,CHIS,TXOCP,TUXTLA GTZ. OBSERVATORIO,3.8
-93.27,16.23,CHIS,VIFCP,VILLA FLORES,25
-93.33,17.12,CHIS,YAMCP,YAMANHO,362.7
-100.84,28.34,COAH,ADLCL,ALLENDE,20
-101.06,29.44,COAH,AMSCL,PRESA AMISTAD,11
-100.45,25.52,COAH,ARACL,RAMOS ARIZPE,37.3
-100.93,25.55,COAH,ARACL,RAMOS ARIZPE AEROPUERTO,37.3
-102.1,27,COAH,CCGCL,CUATRO CIENEGAS                     *,12.4
-100.95,29.33,COAH,CDACL,CIUDAD ACUÒA,7
-100.65,26.84,COAH,CDLCL,CANDELA,20.5
-100.94,29.21,COAH,CNTCL,PRESA EL CENTENARIO,16
-103.47,25.54,COAH,CYTCL,COYOTE,8.7
-100.9,25.43,COAH,ESLCL,E. C. SALTILLO,72.1
-100.82,28.82,COAH,LFGCL,LA FRAGUA,6.2
-103.2,25.6,COAH,MATCL,MATAMOROS SL,4
-101.42,26.91,COAH,MCVCL,MONCLOVA,5.8
-101.51,27.88,COAH,MZQCL,MUZQUIZ,8
-102.4,27.32,COAH,OCMCL,OCAMPO,4
-102.18,25.44,COAH,PARCL,PARRAS,12.5
-100.52,28.67,COAH,PNGCL,PIEDRAS NEGRAS,22.4
-101,25.46,COAH,PRSCL,PROGRESO,26.5
-100.57,25.27,COAH,SAACL,SAN ANTONIO DE LAS ALAZANAS,32
-101.01,25.42,COAH,SALCL,SALTILLO (BELLAVISTA),59.5
-101.12,27.84,COAH,SBNCL,SABINAS,11.5
-100.95,29.04,COAH,SMGCL,PRESA SAN MIGUEL,17
-103.7,27.29,COAH,SMJCL,SIERRA MOJADA,2.5
-102.98,25.76,COAH,SPECL,SAN PEDRO,5.2
-101.02,25.38,COAH,STOCL,SALTILLO,26
-103.45,25.54,COAH,TORCL,TORREON OBSERVATORIO,10.6
-100.73,27.5,COAH,VCRCL,PRESA VENUSTIANO CARRANZA,12
-101.9,29,COAH,ZPTCL,ZAPATA,16.4
-103.61,19.25,COL,BVSCM,BUENA VISTA,37
-103.72,18.75,COL,CDOCM,CERRO DE ORTEGA,30.1
-103.71,19.3,COL,CHNCM,EL CHANAL,61.4
-103.63,18.81,COL,CLLCM,CALLEJONES,30
-103.76,19.32,COL,CMLCM,COMALA,54.1
-103.8,19.21,COL,CQMCM,COQUIMATLAN,36.3
-103.6,19.33,COL,CUACM,CUAHTEMOC,75
-103.88,19.11,COL,DJLCM,DERIVADORA JALA,39.5
-103.87,19.17,COL,LAECM,LA ESPERANZA,7
-103.87,18.9,COL,LDACM,LAGUNA DE AMELA,30
-103.73,19.22,COL,LPSCM,LA POSTA,42.7
-104.32,19.04,COL,MNZCM,MANZANILLO,71.1
-103.82,19.27,COL,PNTCM,PEÒITAS,63.2
-103.73,19.22,COL,RDRCM,RADAR,40.2
-103.7,19.41,COL,SCHCM,SUCHITLAN,38.3
-103.88,18.93,COL,TCMCM,TECOMAN,8.5
-103.52,19.25,COL,TRJCM,TROJES,23
-103.66,19.28,COL,TRPCM,TRAPICHE,58
-99.21,19.22,DF,AJSDF,AJUSCO,15
-99.17,19.45,DF,CBIDF,"ESCUELA NACIONAL DE CIENCIAS BIOLOGICAS, IPN (AUTOMATICA)",13.7
-99.18,19.35,DF,CCUDF,CENTRO UNIVERSITARIO,0
-99,19.36,DF,CDMDF,CARCEL DE MUJERES,1
-99.11,19.41,DF,CDVDF,CIUDAD DEPORTIVA,1.8
-99.18,19.5,DF,CEADF,CAMPAMENTO AMEALCO,0
-99.21,19.16,DF,CFSDF,CASETA FORESTAL,0
-99.14,19.47,DF,CMTDF,CIEN METROS,3.3
-99.18,19.49,DF,CMYDF,CAMPO MECOAYA,12.9
-99.09,19.19,DF,CTNDF,CUAUTENCO,0
-99.09,19.48,DF,CYLDF,COYOL,0
-99.21,19.3,DF,DATDF,DESVIACION ALTA                     *,0
-99.13,19.43,DF,DDFDF,GOBIERNO DEL D. F.,0.2
-99.31,19.31,DF,DTLDF,DESIERTO DE LOS LEONES,3.2
-99.15,19.38,DF,DVLDF,DEL VALLE,0.5
-99.16,19.3,DF,EAZDF,ESTADIO AZTECA,2.3
-99.29,19.36,DF,EYQDF,EL YAQUI,0
-99.35,19.3,DF,EZCDF,EL ZARCO,0
-99.07,19.49,DF,GCNDF,KM. 6+250 (GRAN CANAL),0
-99.26,19.31,DF,HYTDF,HUAYATLA,0.2
-99.3,19.34,DF,LVNDF,LA VENTA,0.5
-99.28,19.22,DF,MAGDF,MONTE ALEGRE,15.5
-99.13,19.4,DF,MCRDF,M. CARRILLO,2
-99.03,19.19,DF,MLPDF,MILPA ALTA,0
-99.23,19.19,DF,MZTDF,P ABASOLO(MEZONTEPEC),7.1
-99.1,19.32,DF,OCSDF,OFICINA CAVM SUR,1.8
-99.1,19.38,DF,PBADF,P. B. ACULCO,8.6
-99.06,19.43,DF,PBCDF,P. B. CHURUBUSCO L(CH.LAGO),0.2
-99.12,19.49,DF,PBLDF,P. B. LINDAVISTA,5.6
-99.04,19.38,DF,PBODF,P. B. U. E. DE ORIENTE,1.5
-99.17,19.44,DF,PBTDF,P. B. TIZOC,8.3
-99.2,19.41,DF,PCHDF,PTA. CHAPULTEPEC,0.9
-99.1,19.46,DF,PGNDF,PLANTA GENERADORA 101,1.3
-99.08,19.34,DF,PLEDF,P. T. LA ESTRELLA,1.5
-99.07,19.42,DF,PLMDF,P. B. LOPEZ MATEOS,0.2
-99.13,19.37,DF,PMLDF,P. B. MUNICIPIO LIBRE,1.2
-99.09,19.25,DF,PNTDF,PLANTA NATIVITAS,4
-99.26,19.29,DF,PRMDF,P. T. RIO MAGDALENA,6.8
-99.15,19.51,DF,PRRDF,P. T. RIO REMEDIOS,1
-99.02,19.3,DF,PSCDF,P. T. SANTA CATARINA,1.5
-99.05,19.23,DF,PSLDF,PLANTA SAN LUIS,0
-99.16,19.47,DF,PSNDF,P. B. NUEVA SANTA MARIA,10.6
-99.17,19.26,DF,PSPDF,"P. SAN PEDRO MARTIR, DF",0
-99.19,19.51,DF,PTRDF,P. T. ROSARIO,10.7
-99.13,19.29,DF,PVCDF,P. B. VILLA COAPA,1.3
-99.14,19.33,DF,PXTDF,PLANTA XOTEPINGO,1.7
-99.19,19.3,DF,RBTDF,REBOMBEO BOSQUE TLALPAN(B TLALPAN),5.7
-99.17,19.4,DF,RCMDF,RADIO COMUNICACION,1
-99,19.17,DF,SANDF,SANTA ANA,0.5
-99.28,19.33,DF,SBADF,SAN BARTOLO AMEYALCO,1.5
-99.03,19.34,DF,SCMDF,SANTA CRUZ MEYEHUALCO,0.8
-99.12,19.58,DF,SGDDF,SIERRA GUADALUPE,0
-99.07,19.47,DF,SJADF,SAN JUAN DE ARAGON,2
-99.01,19.28,DF,SPPDF,SAN PEDRO TLAHUAC,1.8
-98.96,19.32,DF,SSCDF,S. ELEC. SANTA CATARINA(LA CALERA),1.7
-99.14,19.56,DF,TCMDF,TANQUE CHALMITA,5.1
-99.27,19.37,DF,TECDF,TANQUE EL CARTERO,0
-99.25,19.33,DF,TELDF,TANQUE EL LIENZO,1.8
-99.1,19.39,DF,TEZDF,"TEZONTLE, (AUTOMATICA)",0.8
-99.21,19.4,DF,TNGDF,TRIANGULO,1.5
-99.14,19.2,DF,TPJDF,TOPILEJO,0
-99.08,19.44,DF,TPNDF,TANQUE PEÒON,0.8
-99.21,19.36,DF,TRGDF,TARANGO,2.3
-99.25,19.32,DF,TSFDF,T. SAN FRANCISCO,0.2
-99.23,19.44,DF,TSJDF,T. SAN JOAQUIN,12.9
-99.26,19.36,DF,TSLDF,TRIF. SANTA LUCIA (SANTA FE),2
-98.97,19.21,DF,TTLDF,TETELCO,3.8
-99.21,19.51,DF,VDCDF,VASO DE CRISTO (SACM),0
-104.07,25.26,DGO,AM2DR,"AGUSTIN MELGAR, (AUTOMATICA)",3.8
-104.48,26.24,DGO,APRDR,AGUA PUERCA,2
-104.7,24,DGO,CAGDR,CAMPO AGRICOLA,10.8
-104.8,24.52,DGO,CB2DR,CABORACA (HIDRO),8
-104.8,24.52,DGO,CBRDR,P. CABORACA,8.1
-104.07,26.3,DGO,CEBDR,CEVALLOS,9.5
-104.12,24.44,DGO,CGVDR,CIUDAD GUADALUPE VICTORIA,23
-103.52,25.53,DGO,CLRDR,CIUDAD LERDO,12.4
-103.7,24.87,DGO,CNCDR,CUENCAME,13.1
-104.75,24.5,DGO,CNTDR,CANATLAN,10
-104.67,24.03,DGO,DRGDR,DURANGO,16.5
-103.96,24,DGO,FV2DR,FRANCISCO VILLA (HIDRO),29.5
-103.96,24,DGO,FVLDR,PRESA FRANCISCO VILLA,29.5
-103.78,25.27,DGO,FZRDR,PRESA FRANCISCO ZARCO,7.1
-105.25,25.5,DGO,GESDR,GENERAL ESCOBEDO,11
-105.96,25.93,DGO,GNCDR,GUANACEVI,17
-104.75,23.96,DGO,GVCDR,PRESA GUADALUPE VICTORIA,25
-104.75,23.96,DGO,GVHDR,GUADALUPE VICTORIA,25
-103.31,24.63,DGO,LNRDR,PRESA LOS NARANJOS,10
-105.47,24.19,DGO,LVEDR,"LAS VEGAS, (AUTOMATICA)",34.6
-103.85,25.82,DGO,MPMDR,MAPIMI,17
-104.11,25.23,DGO,NZSDR,NAZAS,0
-104.66,24.24,DGO,PA2DR,PE—A DEL AGUILA (HIDRO),11.2
-104.66,24.24,DGO,PAGDR,PRESA PEÒA DEL AGUILA,14.2
-106.37,26.13,DGO,ROSDR,LA ROSILLA,49
-105.44,25.23,DGO,SACDR,SALOME ACOSTA,1.5
-104.67,23.87,DGO,SB2DR,SANTIAGO BAYACORA (HIDRO),13
-104.9,23.8,DGO,SBBDR,SANTA BARBARA,44.1
-104.67,23.87,DGO,SBYDR,P. SANTIAGO BAYACORA,13.4
-104.05,23.62,DGO,SELDR,PRESA SANTA ELENA,58.1
-105.55,26.42,DGO,SGBDR,SAN GABRIEL,7.6
-106.13,24.44,DGO,SJRDR,SAN JOSE DE REYES,23.5
-105.37,25.95,DGO,SMODR,SANTA MARIA DEL ORO,5.5
-105.42,25.04,DGO,SPPDR,SANTIAGO PAPASQUIARO,11.5
-106,24.5,DGO,TDRDR,EL TULE DEL REAL,40
-103.44,26.11,DGO,THODR,TLAHUALILO,31
-105.73,25.34,DGO,TLHDR,TEPEHUANES,11.6
-106.98,24.93,DGO,TMZDR,TAMAZULA,42.1
-104.5,26.1,DGO,VHGDR,P. VILLA HIDALGO,14
-99.91,16.85,GRO,ACAGR,ACAPULCO,1
-99.75,16.76,GRO,ACUGR,"ACAPULCO, (AUTOMATICA)",0
-99.5,17.5,GRO,AERGR,AEROPUERTO,0
-98.98,17.72,GRO,AHUGR,AHUACUOTZINGO,0
-99.1,16.95,GRO,AYUGR,AYUTLA,0.4
-99.2,18.2,GRO,BVSGR,BUENA VISTA,0
-100.66,18.35,GRO,CA2GR,"CD. ALTAMIRANO, (AUTOMATICA)",0
-100.66,18.36,GRO,CALGR,CIUDAD ALTAMIRANO,0
-100.63,18.33,GRO,CDBGR,COYUCA DE BENITEZ,0
-99.5,17.55,GRO,CHIGR,CHILPANCINGO,0
-99.18,17.61,GRO,CHLGR,CHILAPA,0
-98.41,16.47,GRO,CNLGR,CUAJINICUILAPA,0
-99.66,18.25,GRO,COCGR,COCULA,0
-98.97,16.61,GRO,COPGR,COPALA,0
-101.05,17.38,GRO,CYQGR,COYUQUILLA,0
-99.72,17.32,GRO,ECAGR,EL CARACOL,0
-100.68,18.52,GRO,EGLGR,P. EL GALLO,0
-99.55,18.35,GRO,IGLGR,IGUALA,13
-101,18.45,GRO,LCLGR,LA CALERA,0
-100.02,16.96,GRO,LDCGR,LAGUNA DE COYUCA,0
-99.24,16.76,GRO,LDGGR,LAS VIGAS,0
-99.48,18.35,GRO,LDTGR,LAGUNA DE TUXPAN,13
-99.37,17.47,GRO,MCHGR,MOCHITLAN,3.3
-99.8,16.8,GRO,ODAGR,OBSERVATORIO DE ACAPULCO,0
-99.5,17.6,GRO,ODZGR,OBSERVATORIO DE ZUMPANGO,6.5
-98.74,17.78,GRO,OLNGR,OLINALA,3.9
-98.43,16.68,GRO,OMEGR,OMETEPEC,0.5
-99.2,16.8,GRO,RMEGR,REVOLUCION MEXICANA,0
-100.47,17.14,GRO,SJEGR,SAN JERONIMO,0
-99.48,16.8,GRO,SNMGR,SAN MARCOS                          *,0
-99.61,18.55,GRO,TAXGR,TAXCO,0
-99.53,17.17,GRO,TCOGR,TIERRA COLORADA,0
-100.63,17.26,GRO,TECGR,TECPAN DE GALEANA,0
-99.98,17.79,GRO,TLAGR,TLACOTEPEC,2
-98.6,17.5,GRO,TLPGR,TLAPA,0
-99.4,17.57,GRO,TXTGR,TIXTLA,0
-100.27,18.39,GRO,VGRGR,P. VICENTE GUERRERO,0
-99.5,18.42,GRO,VTRGR,PRESA VALERIO TRUJANO,11.8
-98.49,17.9,GRO,XXHGR,XOCHIHUEHUETLAN,3.3
-101.55,17.65,GRO,ZHTGR,ZIHUATANEJO,0
-101.52,20.43,GTO,ABSGJ,ABASOLO,37
-100.72,20.03,GTO,ACNGJ,ACAMBARO,31
-100.68,20.53,GTO,AEGGJ,APASEO EL GRANDE,40.8
-100.58,20.55,GTO,AMCGJ,AMECHE,33.5
-101.37,20.71,GTO,ANSGJ,ARANDAS,20.2
-100.62,20.45,GTO,APSGJ,APASEO EL ALTO,29
-101.63,20.5,GTO,ATBGJ,AGUA TIBIA,39
-100.83,20.85,GTO,BEGGJ,LA BEGO—A (HIDROM. IGNACIO ALLENDE),42.3
-101.83,21.05,GTO,BRRGJ,PRESA EL BARRIAL,73.1
-100.9,20.28,GTO,CBOGJ,"EL CUBO, (AUTOMATICA)",24.4
-100.82,20.53,GTO,CLYGJ,CELAYA,29.8
-101.47,21.07,GTO,COMGJ,COMANJILLA,39
-100.36,20.2,GTO,CORGJ,CORONEO,30.2
-101.67,20.62,GTO,CRMGJ,CUERAMARO,39.6
-100.95,20.48,GTO,CRTGJ,CORTAZAR,27.6
-100.9,20.95,GTO,CSRGJ,CINCO SEÒORES,41.7
-101.67,21.19,GTO,CSSGJ,LOS CASTILLOS(CANALES),34.3
-101.67,21.2,GTO,CSTGJ,LOS CASTILLOS,32.4
-100.93,21.15,GTO,DHGGJ,DOLORES HIDALGO,37.5
-100.5,20.2,GTO,ECBGJ,EL CUBO,23
-101.2,20.9,GTO,ECHGJ,EL CHAPIN,22.5
-101.37,20.73,GTO,ECNGJ,PRESA EL CONEJO,30.8
-101.67,21.17,GTO,EPLGJ,EL PALOTE,73.1
-101.75,20.43,GTO,GLNGJ,PRESA LA GOLONDRINA,40
-101.27,21.01,GTO,GTOGJ,GUANAJUATO,29.1
-100.82,20.83,GTO,IALGJ,IGNACIO ALLENDE,48
-101.35,20.68,GTO,IRPGJ,IRAPUATO,31.5
-100.52,20.13,GTO,JCRGJ,JERECUARO,18
-101,20.4,GTO,JDPGJ,JARAL DEL PROGRESO,25.7
-101.83,20.67,GTO,LADGJ,LAS ADJUNTAS,38.5
-101.13,20.22,GTO,LDYGJ,SANTA MARIA YURIRIA,27.5
-101.67,21.1,GTO,LENGJ,LEON,72.1
-100.87,20.38,GTO,LGVGJ,P. LA GAVIA,31
-101.36,20.28,GTO,LJIGJ,LAS JICAMAS,26
-101.11,21.32,GTO,LQMGJ,LA QUEMADA,57.3
-101.95,20.5,GTO,MABGJ,MARIANO ABASOLO,31.8
-100.58,20.56,GTO,MCHGJ,"AMECHE, (AUTOMATICA)",30
-101.19,20.13,GTO,MORGJ,MOROLEON,35
-101.52,21.63,GTO,OCMGJ,OCAMPO,62
-100.83,20.85,GTO,PALGJ,"PRESA ALLENDE, GTO.  SMN",0
-101.06,20.52,GTO,PCSGJ,"PERICOS, (AUTOMATICA)",30
-100.9,21.1,GTO,PDLGJ,PUENTE DOLORES                      *,34
-101.13,20.52,GTO,PERGJ,PERICOS,32.8
-100.88,21.1,GTO,PNLGJ,PEÒUELITAS,37.6
-100.5,21.22,GTO,POZGJ,POZOS,40.1
-101.28,20.85,GTO,PRSGJ,PRESA LA PURISIMA,22
-101.22,21.48,GTO,SFEGJ,SAN FELIPE,77.8
-101.02,20.4,GTO,SJLGJ,SANTA JULIA,29.1
-101.2,20.57,GTO,SLMGJ,SALAMANCA,31.5
-100.75,20.58,GTO,SMOGJ,SAN MIGUEL OCTOPAN,38.5
-100.52,21.3,GTO,SLPGJ,SAN LUIS DE LA PAZ,39
-100.82,20.05,GTO,SLSGJ,P. SOLIS,26.5
-100.88,20.22,GTO,SLVGJ,SALVATIERRA,19.2
-101.07,20.3,GTO,SRTGJ,SANTA RITA,31.6
-100.75,20.28,GTO,TARGJ,TARIMORO,31.5
-101.3,20.6,GTO,TEMGJ,TEMASCATIO,30.2
-100.8,20.5,GTO,TGRGJ,TRES GUERRAS,39
-101.37,20.74,GTO,TPCGJ,TEPALCATES,23
-101.18,20.39,GTO,VDSGJ,V. DE SANTIAGO,32
-100.09,21.3,GTO,XICGJ,XICHU,39.9
-101.02,20.27,GTO,YRDGJ,"YURIRIA CANAL ALIMENTADOR, AUTOM.",30.8
-98.94,20.27,HGO,ACTHD,ACTOPAN,6.8
-98.33,21.02,HGO,ATCHD,ATLAPESCO,30.2
-99.36,20.16,HGO,ENDHD,PRESA ENDO,12.5
-99.63,20.36,HGO,HCPHD,HUICHAPAN,5.8
-98.42,21.15,HGO,HJTHD,HUEJUTLA,76.4
-98.37,21.15,HGO,HUEHD,"HUEJUTLA, HGO. AUTOMATICA",90.7
-99.22,20.48,HGO,IXMHD,IXMIQUILPAN,16.8
-99.18,21.08,HGO,LMTHD,MEZTITLAN,0
-99.22,20.24,HGO,MXQHD,MIXQUIAHUALA,11
-99.33,20.73,HGO,PRGHD,P.ROJO GOMEZ (LA PE—A),8
-99.31,19.97,HGO,PRQHD,PRESA REQUENA,12
-99.38,20.44,HGO,PVAHD,PRESA VICENTE AGUIRRE,9
-98.37,20.08,HGO,TLGHD,TULANCINGO,12.4
-99.39,19.84,HGO,TXMHD,TAXHIMAY,18
-99.5,20.66,HGO,ZMPHD,PRESA ZIMAPAN,9.5
-98.65,20.65,HGO,ZXTHD,ZACUALTIPAN,32.6
-102.44,21.6,JAL,AJJJL,AJOJUCAR,68.6
-104.06,19.91,JAL,BBAJL,BASILIO BADILLO,78.5
-103.2,20.29,JAL,CHAJL,"Chapala 1, Jal.  SMN*",7.4
-105.07,20.03,JAL,CPEJL,CAJON DE PEÒA,116.5
-103.45,21.07,JAL,CXTJL,CUIXTLA,46.1
-103.33,20.73,JAL,EXPJL,LA EXPERIENCIA,81
-102.7,20.63,JAL,GRBJL,"GARABATOS, AUTOMATICA",24
-103.37,20.67,JAL,GUAJL,GUADALAJARA CENTRO,83.9
-103.4,20.7,JAL,GUCJL,GUADALAJARA COLOMUS,52.7
-102.71,20.29,JAL,JMYJL,JAMAY,58.8
-103.2,20.3,JAL,LDCJL,LAGO DE CHAPALA,70.5
-102.23,20.48,JAL,PO2JL,"La Polvora, Jal.  GASIR*",36.8
-102.2,20.5,JAL,POLJL,LUGO ZANABRIA-LA POLVORA,40.5
-105.13,20,JAL,RTOJL,"RIO TOMATLAN, JAL. AUTOMATICA",101.6
-101.85,21.35,JAL,SA1JL,PRESA LA SAUCEDA,77.7
-101.85,21.35,JAL,SAUJL,LA SAUCEDA,77.7
-103.71,20.91,JAL,SRSJL,PRESA SANTA ROSA,58.1
-102.58,21.45,JAL,TCAJL,TEOCALTICHE,46.5
-104.32,20.04,JAL,TCTJL,TACOTAN,115.8
-103.2,22.17,JAL,TENJL,TENASCO,99
-103.04,20.17,JAL,TIZJL,"TIZAP¡N, JAL. AUTOMATICA",61.5
-103.32,20.58,JAL,TLAJL,TLAQUEPAQUE,71.9
-104.12,19.85,JAL,TMLJL,P. TRIGOMIL,123.1
-103.8,20.6,JAL,VEGJL,LA VEGA,75
-103.08,20.07,JAL,VTNJL,"EL VOLANTIN, AUTOMATICA",61.4
-99.35,19.38,MEX,2RSMX,DOS RIOS,0
-99.22,19.57,MEX,ARBMX,LAS ARBOLEDAS,4.7
-98.91,19.51,MEX,ATEMX,ATENCO,0
-99.78,19.75,MEX,ATLMX,ATLACOMULCO,30.4
-99.33,19.4,MEX,CDBMX,CAIDA DEL BORRACHO,7.4
-100.12,19.2,MEX,CHIMX,P. CHILESDO,8.8
-98.88,19.48,MEX,CHPMX,CHAPINGO,1
-99.24,19.53,MEX,CLYMX,CALACOAYA,1
-99.91,20.15,MEX,CNPMX,PRESA LA CONCEPCION,7
-100.18,19.1,MEX,COLMX,COLORINES,1
-99.23,19.45,MEX,EMOMX,MOLINITO,3.6
-98.92,19.58,MEX,GRDMX,LA GRANDE AUTOMATICA,0
-98.92,19.58,MEX,GRDMX,"LA GRANDE, MEX",0
-99.05,19.63,MEX,K27MX,KM. 27+250,1
-100.08,19.38,MEX,LBEMX,LOS BERROS,5
-99.25,19.63,MEX,LGLMX,LAGO GUADALUPE,0
-99.22,19.48,MEX,MBLMX,MOLINO BLANCO,16
-99.71,19.64,MEX,MLLMX,"SANTA MARIA DEL LLANO, AUTOMATICA",29.2
-99.68,19.12,MEX,NEVMX,"NEVADO DE TOLUCA, MEX. AUTOMATICA",19.6
-99.19,19.62,MEX,OBSMX,SAN MARTIN OBISPO,4.9
-99.18,19.58,MEX,PBTMX,PRESA BARRIENTOS,2
-99.03,19.65,MEX,PCCMX,CHICONAUTLA II,0.5
-99.03,19.73,MEX,PCGMX,P. COLGANTE AUTOMATICA (DF),13
-99.18,19.74,MEX,PCGMX,PUENTE COLGANTE,13
-99.01,19.64,MEX,PCTMX,CHICONAUTLA I,0
-99.25,19.43,MEX,PLMMX,PALMAS,2.3
-99.27,19.52,MEX,PM2MX,PRESA MADIN AUTOMATICA (DF),0
-99.26,19.53,MEX,PMDMX,PRESA MADIN,1
-99.27,19.52,MEX,PREMX,PRESA MADIN,0.3
-99.21,19.41,MEX,PTLMX,PRESA TOTOLICA,1.8
-98.91,19.53,MEX,SADMX,SAN ANDRES (TEXCOCO),0.6
-98.87,19.19,MEX,SLAMX,SAN LUIS AMECA                      *,4.7
-98.87,19.19,MEX,SLAMX,SAN LUIS AMECA  AUTOMATICA,4.7
-100.02,19.9,MEX,TM2MX,TEMASCALCINGO,26.4
-99.28,19.45,MEX,TTLMX,TOTOLICA (HIDROMETRICA),5.9
-99.13,19.91,MEX,TTQMX,TAJO DE TEQUIXQUIAC,9.5
-100.1,19.1,MEX,VBRMX,P. VALLE DE BRAVO,3.9
-99.33,19.38,MEX,VNDMX,EL VENADO,0
-100.05,19.46,MEX,VVCMX,P. VILLA VICTORIA,15.4
-102.2,17.97,MICH,ADUMC,ADJUNTAS,0
-100.94,19.55,MICH,AGOMC,AGOSTITLAN,13
-101.72,20.13,MICH,ANGMC,"ANGAMACUTIRO, MICH. AUTOMATICA",1
-102.27,19.08,MICH,APTMC,APATZINGAN                          *,0
-101.67,19.93,MICH,ARMMC,"ARISTEO MERCADO, AUTOMATICA",20.8
-102.42,20.18,MICH,BIBMC,BARRAJE DE IBARRA,0
-101.46,20.32,MICH,CBLMC,CASA BLANCA,39.3
-102.27,19.97,MICH,CHAMC,CHAPARACO,27.9
-100.55,19.7,MICH,CHIMC,CIUDAD HIDALGO,9.5
-102.75,19.18,MICH,CHLMC,P. CHILATAN,4
-100.9,18.5,MICH,CMNMC,CAIMANERA,0
-101.28,19.63,MICH,COIMC,COINTZIO,23.8
-101.86,20.21,MICH,CORMC,CORRALES,41.2
-101.86,20.21,MICH,CRRMC,"CORRALES, AUTOMATICA",37.6
-101.26,19.62,MICH,CT2MC,"COINTZIO, AUTOMATICA",22
-102.59,20.25,MICH,CUUMC,CUMUATO,33.5
-100.42,19.39,MICH,DBOMC,EL BOSQUE,3.7
-102.4,20.3,MICH,DGNMC,DE GONZALO,0
-100.45,19.97,MICH,EGIMC,EL GIGANTE,18.3
-100.28,19.53,MICH,ETAMC,E.T.A.,31
-102.7,19.9,MICH,GUAMC,GUARACHA,59.1
-101.87,18.77,MICH,INFMC,PRESA INFIERNILLO,0
-102.6,19.9,MICH,JARMC,JARIPO,60.4
-100.41,19.84,MICH,LDFMC,LAGUNA DEL FRESNO,6
-102.87,19.21,MICH,LOLMC,LOS OLIVOS,8
-102.75,20.15,MICH,LPAMC,LA PALMA,62.4
-102,20.35,MICH,LPDMC,"La Piedad, Mich.",41.3
-102.9,18.8,MICH,LPNMC,LOS PANCHES,0.5
-102.2,18.8,MICH,LPSMC,LA PASTORIA,0.5
-101.62,19.54,MICH,LPTMC,"LAGO DE PATZCUARO, AUTOMATICA",13
-101.2,18.8,MICH,LPZMC,LOS PINZANES,0
-101.1,19.7,MICH,MCEMC,MORELIA CENTRO,20.3
-101.46,20.32,MICH,MKZMC,"MARKASSUSSA, AUTOMATICA",37
-100.9,19.9,MICH,MLPMC,MALPAIS,24
-101.2,19.7,MICH,MNOMC,MORELIA NORTE,9.2
-102.2,17.9,MICH,MOCMC,MELCHOR OCAMPO,57
-102.2,17.93,MICH,MOCMC,MELCHOR OCAMPO L. C.,57
-101.18,19.69,MICH,MORMC,MORELIA,19.1
-101.1,19.7,MICH,MORMC,MORELIA CENTRO,19.1
-100.44,19.89,MICH,MRVMC,MARAVATIO,3.8
-102.33,19.96,MICH,ORAMC,ORANDINO,50
-101.05,19.49,MICH,PDBMC,PLANTA DE BOMBEO,16.6
-101.6,20.3,MICH,PORMC,PASTOR ORTIZ,27.9
-100.69,19.62,MICH,PUCMC,PUCUATO,10.5
-100.67,19.62,MICH,SABMC,SABANETA,11.5
-102.72,20.07,MICH,SAHMC,SAHUAYO,44.5
-102.46,20.21,MICH,SCRMC,SAN CRISTOBAL,42.4
-102.64,19.83,MICH,SJUMC,SN. JUANICO,84
-102.4,20.1,MICH,SSIMC,SAN SIMON,69
-100.23,19.98,MICH,TEPMC,PRESA TEPUXTEPEC,11.4
-100.2,19.48,MICH,TMUMC,TERCER MUNDO,1.5
-102.13,19.97,MICH,UREMC,UREPETIRO,29.2
-102.3,18.12,MICH,VILMC,PRESA LA VILLITA,0
-101.45,19.55,MICH,VJIMC,VILLA JIMENEZ,26.6
-102.24,20.34,MICH,YURMC,YURECUARO,38.2
-102.28,20.01,MICH,ZAMMC,ZAMORA,17.8
-101.8,19.81,MICH,ZCAMC,ZACAPU,20.8
-101.93,18.92,MICH,ZICMC,ZICUIRAN,3
-100.83,19.86,MICH,ZINMC,ZINAPECUARO,4
-98.83,18.95,MOR,ACHMR,ACHICHIPILCO,8.6
-99.27,18.74,MOR,ALUMR,ALPUYECA                            *,3
-99.4,18.6,MOR,AMCMR,AMACUZAC,0.4
-98.9,18.94,MOR,ATLMR,ATLATLAHUCAN,0
-98.9,18.8,MOR,CUAMR,CUAUTLA,0
-99.2,18.9,MOR,CUEMR,CUERNAVACA,0
-99.18,18.58,MOR,HIGMR,HIGUERON,0
-99.42,18.61,MOR,HUAMR,HUAJINTLAN,0
-99.02,19.03,MOR,HUIMR,HUITZILAC,4.4
-99.03,18.44,MOR,HUTMR,HUAUTLA,1.5
-98.8,18.7,MOR,JNCMR,JONACATEPEC,2.9
-99.2,18.6,MOR,JOJMR,JOJUTLA,0
-98.92,18.68,MOR,LCUMR,LA CUERA,1.2
-98.98,18.67,MOR,MYOMR,MOYOTEPEC,0
-99.15,18.52,MOR,NEXMR,NEXPA,0
-98.9,18.9,MOR,OAXMR,OAXTEPEC,4.3
-99.22,18.91,MOR,OBSMR,OBSERVATORIO,3.1
-99.32,18.63,MOR,PIXMR,PUENTE DE IXTLA,0
-99.16,18.77,MOR,PROMR,PROGRESO,0
-99.4,18.8,MOR,RODMR,PRESA EL RODEO,0
-99.19,18.92,MOR,SLDMR,SOLIDARIDAD,0
-99.2,18.9,MOR,TEMMR,TEMIXCO,0
-99.1,18.8,MOR,TICMR,TICUMAN,0
-98.75,18.75,MOR,TLOMR,TLACOTEPEC,0
-98.79,18.78,MOR,TMCMR,TEMOAC,0
-98.92,18.99,MOR,TOTMR,TOTOLOAPAN,0.1
-98.84,18.58,MOR,TPLMR,TEPALCINGO,2
-99.1,18.9,MOR,YAHMR,YAHUTEPEC,0
-99.2,18.64,MOR,ZCTMR,ZACATEPEC,0
-105.35,22.49,NAY,ACANR,ACAPONETA,34.7
-104.77,21.84,NAY,AGMNR,PRESA AGUAMILPA,126.7
-105.11,21.83,NAY,CAPNR,CAPOMAL,50.8
-104.5,21.94,NAY,CHPNR,CHAPALAGANA,88.1
-104.45,21.43,NAY,CJNNR,EL CAJON,82.4
-104.52,22.25,NAY,JMANR,JESUS MARIA,26
-105.02,22.38,NAY,PAJNR,PAJARITOS,66.1
-105.21,22.12,NAY,ROMNR,ROSA MORADA,26
-104.8,21.8,NAY,RSRNR,REG. SAN RAFAEL,96.1
-105.14,21.96,NAY,RUINR,RUIZ,35.6
-104.89,21.49,NAY,TEPNR,TEPIC,90.9
-99.82,24.1,NL,ARRNL,ARAMBERRI,131.5
-99.91,24.32,NL,ASCNL,LA ASCENSION,135.7
-99.58,24.88,NL,CAMNL,CAMACHO,165.8
-99.44,24.98,NL,CARNL,CARMEN D.L.E.,122.1
-99.26,25.72,NL,CCHNL,EL CUCHILLO,115.1
-99.38,24.98,NL,CPRNL,PRESA CERRO PRIETO,169.9
-99.7,24.78,NL,CRUNL,CRUCITAS,110.1
-99.62,26.09,NL,CRVNL,CERRALVO,82.3
-100.17,23.68,NL,DARNL,DOCTOR ARROYO,80.2
-100.18,25.52,NL,ECSNL,EL CERRITO,80.4
-100.08,24.83,NL,GALNL,GALEANA,136.3
-100.02,25.96,NL,HGRNL,HIGUERAS,92.5
-100.12,25.44,NL,LBCNL,CORTINA DE LA BOCA,100.5
-99.83,25.18,NL,MTMNL,MONTEMORELOS,112.4
-100.27,25.68,NL,MTRNL,MONTERREY,77.2
-100.3,25.73,NL,OBSNL,OBSERVATORIO,76.5
-99.32,25.73,NL,PCUNL,"PRESA EL CUCHILLO, NL. AUTOMATICA",95
-100.38,27.45,NL,PSANL,PRESA SALINILLAS,12
-100.55,25.03,NL,SRANL,SAN RAFAEL,0
-99.78,23.98,NL,ZRGNL,ZARAGOZA,119.1
-96.1,17.02,OAX,AYUOX,AYUTLA,18.6
-96.72,17.07,OAX,BAEOX,BASE AEREA,0.5
-95.5,16.8,OAX,BOQOX,BOQUILLA 1,0
-96.27,18.02,OAX,CDOOX,CERRO DE ORO (MADRID),58.6
-95.06,16.5,OAX,CHVOX,SANTIAGO CHIVELA,16.4
-96.95,17.8,OAX,CUIOX,CUICATLAN,0
-96.48,18.11,OAX,DPSOX,DIQUE PESCADITOS,62.3
-97.78,17.8,OAX,HLOOX,HUAJ. DE LEON OBSERV,2.3
-95.1,16.58,OAX,IXTOX,IXTEPEC,3.9
-96.2,17.87,OAX,JACOX,JACATEPEC,127
-96.2,17.87,OAX,JDMOX,JALAPA DEL MARQUES,0
-95.03,16.43,OAX,JUCOX,JUCHITAN,0
-95.2,16.6,OAX,KM1OX,KM. 33+190,0
-95.72,16.42,OAX,KM2OX,KM. 51+740,0
-95.3,16.4,OAX,LPIOX,LAS PILAS,0
-96.73,17.07,OAX,OACOX,OAXACA CENTRO,0
-96.7,17,OAX,OAOOX,OAXACA OBS. AEROPUERTO,0.2
-96.08,18.17,OAX,PAPOX,PAPALOAPAN,17.6
-96.5,15.7,OAX,PTAOX,PUERTO ANGEL,8.9
-96.5,15.67,OAX,PUAOX,"PUERTO ANGEL, OAX. AUTOMATICA",8.6
-95.92,17.73,OAX,RMLOX,RIO MANSO LALANA,54.3
-97.73,16.1,OAX,RVEOX,RÌO VERDE,0
-95.2,16.18,OAX,SCROX,SALINA CRUZ,1.5
-96.53,17.88,OAX,SFUOX,SAN FELIPE USILA,130
-96.45,17.12,OAX,SMAOX,SAN ANTONIO CUAJIMOLOYAS,6
-96.55,18.05,OAX,STDOX,SANTO DOMINGO,38.5
-95.2,16.3,OAX,TEHOX,TEHUANTEPEC,0
-96.13,18.08,OAX,TUXOX,TUXTEPEC,34.3
-94.83,16.45,OAX,UHGOX,UNION HIDALGO,0
-96.3,17.78,OAX,VANOX,VALLE NACIONAL,59.3
-97.83,17.73,OAX,YOSOX,P. YOSOCUTA,17.4
-97.42,19.45,PUE,ACHPB,ALCHICHILCA,8.7
-97.97,20.18,PUE,ACJPB,ACAJETE,10.6
-98.06,18.28,PUE,ADOPB,ACTALAN DE OSORIO,2.8
-98.14,18.94,PUE,AFRPB,AFRICAM,17.2
-98.15,20.03,PUE,AHUPB,AHUAZOTEPEC,16.5
-97.85,20.41,PUE,APAPB,APAPANTILLA,40.9
-98.41,18.91,PUE,ATXPB,ATLIXCO,8.5
-98.11,18.91,PUE,BDDPB,BALCON DEL DIABLO,13.7
-97.43,18.98,PUE,CDSPB,CIUDAD SERDAN,0
-98.58,18.52,PUE,CHIPB,CHIETLA,5
-98.32,19.07,PUE,CHLPB,CHOLULA,10.4
-98.49,18.11,PUE,CHSPB,CHILA DE SAL,1.2
-98.2,19.04,PUE,CNAPB,C.N.A.,6
-98.05,18.83,PUE,CNGPB,CHIGNAHUAPAN,42.9
-98.16,18.61,PUE,COAPB,COATZINGO,2.5
-98.06,19.09,PUE,CPLPB,CAPULAC,15
-97.53,20.05,PUE,CTZPB,CUETZALAN,145.2
-98.28,18.97,PUE,ECHPB,ECHEVERRIA,11
-98.46,19.1,PUE,HJTPB,HUEJOTZINGO,27
-98.54,18.77,PUE,HQCPB,HUAQUECHULA,12.5
-98.05,20.18,PUE,HUAPB,HUAUCHINANGO,65.8
-97.82,19.62,PUE,IXTPB,"Ixtacamaxtitl·n, Pue.",24.3
-98.47,18.58,PUE,IZMPB,IZUCAR DE MATAMOROS,6
-97.69,19.49,PUE,LIBPB,LIBRES,30
-98.1,18.6,PUE,MAYPB,MAYORAZGO 21 PTE.,8.5
-98,20.23,PUE,NNEPB,NUEVO NECAXA,29.4
-97.55,19.7,PUE,OYAPB,OYAMELES,17.1
-97.25,18.92,PUE,PCRPB,PASO CARRETAS,31
-98.36,18.36,PUE,PIXPB,PIAXTLA,0
-97.85,20.27,PUE,PTLPB,PATLA,52.3
-98.17,19.05,PUE,PUOPB,PUEBLA OBSERVATORIO,10.3
-97.13,19.25,PUE,QUIPB,QUIMIXTLAN,53.9
-97.4,20.1,PUE,RNAPB,RANCHO NUEVO (AYOTOXCO),121
-98.22,19.11,PUE,SCRPB,SN CRISTOBAL CALERAS,11.3
-97.91,18.74,PUE,SMCPB,SAN MIGUEL CANOA,22
-97.45,19.96,PUE,SOLPB,P. LA SOLEDAD,63.1
-98.58,19.33,PUE,SRTPB,SANTA RITA TLAHUAPAN,21.5
-98.58,19.33,PUE,SRTPB,STA RITA TLAHUAPAN,21.5
-97.79,20,PUE,TDRPB,TEPANGO DE RODRIGUEZ,90
-97.72,18.88,PUE,TECPB,TECAMACHALCO,3.8
-97.4,18.4,PUE,TEHPB,TEHUACAN,0.5
-97.81,19.83,PUE,TEOPB,TETELA DE OCAMPO,21.2
-97.79,20,PUE,TEPPB,TEPANGO DE RODRIGUEZ,29.1
-97.35,19.82,PUE,TEZPB,TEZIUTLAN,64.9
-96.85,18.41,PUE,TLPPB,TLACOTEPEC DE DIAZ,62
-97.45,19.48,PUE,TPYPB,TEPEYAHUALCO,16
-97.72,18.87,PUE,UTTPB,"Univ. TecnolÛgica Tecamachalco, Pue.  SMN*",3.8
-97.68,20.51,PUE,VENPB,VENUSTIANO CARRANZA,46.4
-97.95,20.28,PUE,XDJPB,XICOTEPEC DE JUAREZ,61.9
-97.58,19.87,PUE,ZCPPB,ZACAPOAXTLA,53.8
-97.02,18.34,PUE,ZOQPB,ZOQUITLAN,97
-97.83,20.18,PUE,ZRGPB,ZARAGOZA,60
-100.49,20.59,QRO,ADJQT,"LAS ADJUNTAS, QRO., AUTOMATICA",24.6
-100.27,20.7,QRO,AMZQT,"AMAZCALA, QRO. AUTOMATICA",13.3
-100.07,20.42,QRO,CNSQT,CONSTITUCION DE 1917,21.7
-100.28,20.39,QRO,HUIQT,EHCA HUIMILPAN,21.5
-99.97,20.21,QRO,IDFQT,SAN ILDEFONSO,23.3
-100,20.36,QRO,SJSQT,SAN JOSE,19.2
-86.82,21.16,QROO,CANQR,CANCUN,389.5
-88.33,18.5,QROO,CHEQR,"CHETUMAL, QROO. AUTOMATICA",92
-88.33,18.5,QROO,CHOQR,CHETUMAL,95.9
-86.78,21.07,QROO,CNCQR,"CANCUN, QROO. AUTOMATICA",361.4
-86.91,20.48,QROO,CO2QR,COZUMEL. AUTOMATICA,239
-86.95,20.51,QROO,COZQR,COZUMEL,170.6
-88.04,19.57,QROO,FCRQR,FELIPE CARRILLO PUERTO,80.8
-87.08,20.62,QROO,PDCQR,PLAYA DEL CARMEN,291.1
-106.65,24.05,SIN,ACTSI,ACATITAN,9.9
-109.18,25.92,SIN,AHMSI,AHOME,11.5
-107.38,25.09,SIN,AL2SI,EL VAREJONAL (HIDRO) P ADOLFO LOPEZ MATEOS,2
-107.38,25.09,SIN,ALMSI,PRESA ADOLFO LOPEZ MATEOS,2
-108.7,25.7,SIN,ARCSI,ADOLFO RUIZ CORTINEZ,19
-107.47,25.03,SIN,AWSSI,ANDREW WEISS,1
-107.54,25.33,SIN,BDRSI,BADIRAGUATO,23
-107.4,24.82,SIN,CLCSI,CULIACAN,2.8
-108.08,25.47,SIN,EBLSI,PRESA EUSTAQUIO BUELNA,42.7
-108.62,26.43,SIN,EFTSI,EL FUERTE,19.5
-108.32,26.08,SIN,GBESI,PRESA GUILLERMO BLAKE (EL SABINAL),31.5
-107.91,25.85,SIN,GD2SI,BACURATO (HIDRO) P GUSTAVO DIAZ ORDAZ,33
-107.91,25.86,SIN,GDOSI,PRESA GUSTAVO DIAZ ORDAZ,33
-108.09,25.47,SIN,GMCSI,GUAMUCHIL,40.5
-108.47,25.72,SIN,GSVSI,GUASAVE,8.2
-107.23,25.34,SIN,GTNSI,GUATENIPA,47
-109.33,25.98,SIN,HDZSI,HIGUERA DE ZARAGOZA,12.1
-106.6,23.96,SIN,IXPSI,IXPALINO,5.4
-107.04,24.71,SIN,JGRSI,J. GRO. ALCOSER (VINORAMAS),17.5
-106.81,24.57,SIN,JLPSI,PRESA JOSE LOPEZ PORTILLO,18
-108.01,25.9,SIN,JNASI,JAINA,62.5
-108.72,26.41,SIN,JORSI,PRESA JOSEFA ORTIZ DE DOMINGUEZ,32.5
-106.9,23.92,SIN,LCRSI,LA CRUZ,10
-108.35,26.9,SIN,LD2SI,HUITES (HIDRO),61.5
-108.35,26.9,SIN,LDCSI,HUITES,61.5
-109,25.8,SIN,MCHSI,LOS MOCHIS,15.5
-106.4,23.23,SIN,MZTSI,MAZATLAN,28.7
-107.44,24.63,SIN,OBSSI,OBSERVATORIO CULIACAN,3.3
-108.58,26.51,SIN,PMHSI,PRESA MIGUEL HIDALGO,21.1
-106.47,23.56,SIN,QLTSI,QUELITE,16
-107.76,25.12,SIN,RAVSI,ESTACION RANCHO VIEJO,2
-105.85,22.98,SIN,RSRSI,ROSARIO,24
-106.95,24.48,SIN,SCRSI,SANTA CRUZ,0
-108.78,26.07,SIN,SFRSI,SUFRAGIO,19.5
-107.5,25.3,SIN,SJNSI,SAN JUAN,16.7
-107.1,24.8,SIN,SLRSI,SAN LORENZO,5
-106.7,24.12,SIN,SLTSI,EL SALTO (AURELIO BENASSINI),17
-107.16,24.81,SIN,SN2SI,SANALONA (HIDRO),13.7
-107.16,24.81,SIN,SNLSI,PRESA SANALONA,13.7
-106.25,23.35,SIN,SQRSI,SIQUEROS,27.3
-108.13,26.9,SIN,TBRSI,SAN FRANCISCO,129.9
-105.85,25.09,SIN,TORSI,TORTUGA,40.6
-107.06,24.75,SIN,VINSI,VINORAMAS,23
-107.4,25.13,SIN,ZOPSI,ZOPILOTE                            *,11.5
-98.56,21.97,SLP,AJTSL,LAS ADJUNTAS,102
-98.96,21.75,SLP,BLMSL,BALLESMI,100.6
-99.02,21.98,SLP,CDVSL,CD. VALLES,82
-100.28,22.43,SLP,CTSSL,CERRITOS,45.5
-99.24,21.91,SLP,GANSL,GALLINAS,85.2
-100.82,21.88,SLP,IVGSL,VALENTIN GAMA,39.3
-100.67,23.65,SLP,MA2SL,MATEHUALA. AUTOMATICA,6.3
-100.64,23.66,SLP,MATSL,MATEHUALA,87.3
-99.16,22.12,SLP,MICSL,MICOS,81.2
-98.8,21.33,SLP,MTPSL,MATLAPA,74.7
-99.32,22.52,SLP,NRJSL,NARANJOS,133.2
-100.76,21.85,SLP,OCTSL,OJO CALIENTE,41.4
-99.83,21.63,SLP,PMYSL,MONTOYA,47
-98.94,21.85,SLP,PUJSL,EL PUJAL,102.3
-98.89,21.43,SLP,RQTSL,REQUETEMU,95.1
-100,21.93,SLP,RVDSL,RIO VERDE,57.5
-101,22.2,SLP,SGRSL,SOLEDAD GRACIANO,51.8
-101.02,22.15,SLP,SLPSL,SAN LUIS POTOSI,47.7
-99.06,22.02,SLP,STRSL,SANTA ROSA,18.5
-98.62,21.69,SLP,SVTSL,SAN VICENTE,103.7
-98.86,21.25,SLP,TBLSL,TIERRA BLANCA,56.4
-98.77,22,SLP,TMISL,TAMUIN,115.4
-98.77,22,SLP,TMISL,TAMUIN OBS,115.4
-98.82,21.55,SLP,TMOSL,TAMPAMOLON,90.8
-98.76,21.24,SLP,TMTSL,TEMAMATLA,37.4
-100.93,21.8,SLP,VRYSL,VILLA DE REYES,40.5
-110.22,30,SON,ACNSO,ACONCHI,8
-111.73,30.72,SON,ALTSO,ALTAR,25.2
-109.94,27.48,SON,AOBSO,PRESA ALVARO OBREGON,5.5
-109.54,31.33,SON,APTSO,AGUA PRIETA,6
-109.1,27.23,SON,ARCSO,PRESA ADOLFO RUIZ CORTINEZ,16.8
-109.09,30.07,SON,ARISO,ARIBABI,56
-110.92,29.08,SON,ARLSO,PRESA ABELARDO RODRIGUEZ LUJAN,6.4
-110.17,30.34,SON,ARZSO,ARIZPE,16.1
-110.24,30.6,SON,BCNSO,BACANUCHI,9.1
-108.93,30.36,SON,BCRSO,BACERAC,30.5
-110.22,30,SON,BNMSO,BANAMICHI,3
-109.63,27.42,SON,CCRSO,COCORAQUE,24.5
-111.52,30.88,SON,CHTSO,PRESA CUAUHTEMOC,0
-110.74,29.47,SON,CJNSO,EL CAJON,11.3
-109.94,27.5,SON,COBSO,CIUDAD OBREGON,9.8
-109.64,27.24,SON,CRCSO,CARCAMO,21
-109.23,29.2,SON,ECBSO,EL CUBIL,24.9
-110.8,27.95,SON,EPLSO,EMPALME,7
-110.85,27.95,SON,GYMSO,GUAYMAS,8.8
-110.92,29.07,SON,HM2SO,HERMOSILLO OBSERVATORIO,7.7
-110.93,29.07,SON,HMNSO,HERMOSILLO,9.2
-108.96,30.21,SON,HSHSO,HUACHINERA,61
-110.89,30.76,SON,IMRSO,IMURIS,13.1
-110.39,28.43,SON,IRASO,P. IGNACIO R. A LA TORRE,10.5
-109.39,30.44,SON,LCDSO,PRESA LA ANGOSTURA,5.7
-110.14,29,SON,MZTSO,MAZATAN,27.5
-109.54,27.08,SON,NCHSO,NACHUQUIS,2
-109.69,30.37,SON,NCZSO,NACOZARI,26.7
-109.44,27.07,SON,NVJSO,NAVOJOA,15
-112.85,31.87,SON,NYNSO,SONOYTA,22.6
-109.93,27.37,SON,OBOSO,OBSERVATORIO CIUDAD OBREGON,23
-110.71,29.23,SON,ORGSO,EL OREGANO,15.9
-109.08,29.43,SON,PDNSO,PASO NACORI,43.6
-109.63,28.98,SON,PECSO,PRESA PLUTARCO ELIAS CALLES,19.5
-110.43,29.4,SON,PMOSO,EL MOLINITO,13.7
-110.31,28.34,SON,PTASO,PUNTA DE AGUA,41.1
-112.12,30.7,SON,PTQSO,PITIQUITO,39
-111.02,30.05,SON,QRBSO,QUEROBABI,0
-110.57,29.71,SON,RAYSO,RAYON,10
-108.88,27.41,SON,SBNSO,SAN BERNARDO,77.3
-110.35,28.71,SON,SJPSO,SAN JOSE DE PIMAS                   *,22
-111.45,30.39,SON,SRSSO,SANTA ROSA II,19
-109.45,26.92,SON,TCRSO,3 CARLOS,0
-109.5,29.53,SON,TPCSO,TEPACHE,29.4
-109.21,27.66,SON,TSOSO,TESOCOMA,60.2
-110.29,27.64,SON,VCMSO,VICAM,8.4
-108.92,28.37,SON,YC2SO,"YECORA, SON. AUTOMATICA",92.8
-108.93,28.37,SON,YCRSO,YECORA,45.8
-91.48,17.43,TAB,BDCTB,BOCA DEL CERRO,441.5
-93.41,17.81,TAB,CARTB,CARDENAS,326
-92.92,17.98,TAB,EMUTB,VILLAHERMOSA,504.9
-92.81,18.04,TAB,EPOTB,EL PORVENIR,599.8
-91.75,17.75,TAB,EZATB,E. ZAPATA,73.4
-92.92,17.97,TAB,GABTB,GAVIOTAS,507.2
-93,17.98,TAB,GONTB,GONZALEZ,649.5
-92.6,17.77,TAB,MACTB,MACUSPANA,569.6
-92.93,17.98,TAB,OBSTB,OBSERVATORIO,529.6
-92.88,17.85,TAB,PNVTB,PUEBLO NUEVO,526
-92.94,17.57,TAB,PUYTB,PUYACATENGO,1001.5
-93.29,17.98,TAB,SAMTB,SAMARIA,350.5
-92.92,17.5,TAB,SJOTB,SAN JOAQUIN,1018.6
-91.16,17.79,TAB,SPTTB,SAN PEDRO,290
-92.82,17.47,TAB,TAPTB,TAPIJULAPA,849.2
-92.97,17.57,TAB,TEATB,TEAPA,999
-99.1,22.95,TAMPS,AHLTP,AHUALULCO,76.8
-97.93,22.39,TAMPS,BALTP,BOMBAS ALTAMIRA,79
-99.12,24.08,TAMPS,BR1TP,EL BARRETAL I,117
-99.22,24.1,TAMPS,BRRTP,EL BARRETAL,115.4
-98.6,26.24,TAMPS,CDOTP,S-J-2-18 CIUDAD DIAZ ORDAZ,119.3
-98.8,26.25,TAMPS,CMGTP,S-J-2-11 CAMARGO,111.8
-99.25,26.92,TAMPS,CMRTP,MIER,109.2
-97.82,25.64,TAMPS,CONTP,CONTROL,93.5
-99.17,23.72,TAMPS,CVCTP,CIUDAD VICTORIA OBSERVATORIO,118.2
-99.19,23.73,TAMPS,CVTTP,CD. VICTORIA (GERENCIA),115.5
-98.69,22.62,TAMPS,ERCTP,PRESA ESTUDIANTE RAMIRO CABALLERO,36.5
-98.16,24.84,TAMPS,FD2TP,"SAN FERNANDO, TAMPS. AUTOMATICA",104.1
-99.12,22.83,TAMPS,LSRTP,LA SERVILLETA,120.5
-99.55,24.57,TAMPS,MAGTP,MAGUEYES,157.5
-97.52,25.83,TAMPS,MATTP,MATAMOROS,90
-97.84,22.28,TAMPS,MDRTP,MADERO,115.4
-99.04,26.37,TAMPS,MGATP,S-J-1-2 MIGUEL ALEMAN,104.2
-98.72,22.79,TAMPS,MGSTP,MAGISCATZIN,59.9
-99.43,23.92,TAMPS,MHGTP,MIGUEL HIDALGO,119.5
-98.92,26.23,TAMPS,MRGTP,PRESA MARTE R. GOMEZ,119
-98.9,24.05,TAMPS,PADTP,PADILLA,120.2
-97.8,25.8,TAMPS,PANTP,PUEBLO ANAHUAC,100.4
-99.55,24.23,TAMPS,PJMTP,PRESA PEDRO J. MENDEZ,8.3
-99,22.85,TAMPS,RFRTP,RIO FRIO,93
-98,25.97,TAMPS,RIBTP,RIO BRAVO,129.5
-98.88,26.17,TAMPS,RYNTP,S-J-2-9 REYNOSA,133.4
-99.09,23.02,TAMPS,SBNTP,SABINAS,78
-98.87,22.78,TAMPS,SDATP,PRESA SACA DE AGUA,85.9
-98.79,23.08,TAMPS,SGBTP,SAN GABRIEL,69.2
-98.21,23.77,TAMPS,SLMTP,SOTO LA MARINA,138
-98.8,22.95,TAMPS,SLZTP,PRESA SAN LORENZO,69
-97.88,22.24,TAMPS,TMPTP,TAMPICO,113.2
-98.42,22.42,TAMPS,TMSTP,TAMESI,80.3
-97.8,25.91,TAMPS,VCATP,VILLA CARDENAS,113.6
-97.8,25.7,TAMPS,VHMTP,VALLE HERMOSO,119.5
-98.1,19.4,TLAX,APITL,APIZACO,19
-98.56,19.59,TLAX,CPPTL,CALPULALPAN,20.8
-97.74,19.3,TLAX,CUATL,CUAPIAXTLA,14.8
-97.65,19.32,TLAX,ECTTL,EL CARMEN TEQUEXQUITLA,3.5
-97.91,19.32,TLAX,HMTTL,HUAMANTLA,17.6
-98.2,19.4,TLAX,OBSTL,OBSERVATORIO,11.2
-98.2,19.55,TLAX,SJATL,SAN JOSE ATLANGA,9
-98.18,19.12,TLAX,SPMTL,SAN PABLO DEL MONTE,20
-98.24,19.22,TLAX,ZACTL,ZACATELCO,3
-97.92,19.2,TLAX,ZITTL,ZITLALTEPEC                         *,18
-96.84,19.7,VER,ACAVC,ACATLAN,31
-96.59,19.5,VER,ACTVC,ACTOPAN,6.3
-97.68,20.93,VER,ALAVC,ALAMO TEMAPACHE,71
-97.23,19.76,VER,ALTVC,ALTOTONGA,88.5
-95.44,18.58,VER,ARCVC,ANGEL R. CABADA,93.3
-96.94,19.59,VER,BANVC,BANDERILLA,52
-96.93,19.48,VER,BRIVC,BRIONES,41.2
-95.74,18.37,VER,CACVC,CARLOS CARRILLO,5.2
-96.7,19.43,VER,CEGVC,"Cerro Gordo, Ver.",0
-98.15,21.74,VER,CHYVC,PASO DE PIEDRAS (CHICAYAN),116.4
-94.4,18.1,VER,COTVC,COATZACOALCOS,92.9
-96.37,19.36,VER,CRDVC,CARDEL,0.4
-96.65,19.32,VER,CRRVC,CARRIZAL,0
-96.36,19.41,VER,ENRVC,EL NARANJILLO,0
-98.33,20.25,VER,ESPVC,EL ESPINAL,75.1
-96.16,19.07,VER,ETEVC,EL TEJAR,1.2
-98.44,21.78,VER,HGOVC,EL HIGO,103.6
-98.27,21.16,VER,HLSVC,LOS HULES,103.4
-96.95,19.18,VER,HTSVC,HUATUSCO,25.4
-96.55,19.4,VER,IDOVC,IDOLOS,1
-95.03,17.43,VER,JCRVC,JESUS CARRANZA,58.1
-94.09,17.87,VER,JDCVC,SAN JOSE DEL CARMEN,235.5
-97.02,19.6,VER,JOYVC,LA JOYA,73.9
-94.3,18.1,VER,LCAVC,LA CANGREJERA,408
-97.23,18.92,VER,LGRVC,LOMA GRANDE,8
-96.98,20.05,VER,LIBVC,LIBERTAD,53.8
-96.39,19.26,VER,LOFVC,LOMA FINA,0
-94.92,17.42,VER,LPEVC,LAS PERLAS,57.8
-97.1,19.65,VER,LVRVC,LAS VIGAS DE RAMIREZ,16.1
-97.05,20.07,VER,MDTVC,MARTINEZ DE LA TORRE,76.6
-96.34,19.09,VER,MFAVC,MANLIO F. ALTAMIRANO,0
-96.83,19.93,VER,MZNVC,MISANTLA,128.3
-96.87,19.65,VER,NAOVC,NAOLINCO,16.4
-98.51,21.84,VER,OLVVC,EL OLIVO,102.6
-97.1,18.85,VER,ORZVC,ORIZABA,29.6
-94.33,18.11,VER,PCNVC,PB1-LA CANGREJERA,239.5
-96.14,19.04,VER,PDTVC,PASO DEL TORO,0.1
-97.81,21.18,VER,PEMVC,PRESA EL MORALILLO,60.1
-98.17,22.05,VER,PNCVC,PANUCO,130.6
-97.32,20.45,VER,PPNVC,PAPANTLA,83.8
-97.48,20.54,VER,PRCVC,POZA RICA,79
-98.34,21.29,VER,PSNVC,PLATON SANCHEZ,121.4
-95.63,18.72,VER,RALVC,RADAR ALVARADO,12.3
-96.71,20.16,VER,RAUVC,EL RAUDAL,113.3
-96.55,19.35,VER,RNCVC,RINCONADA,0
-97.78,20.88,VER,SBTVC,SOMBRERETE,52.6
-95.18,18.45,VER,SIHVC,SIHUAPAN,0.3
-95.13,17.88,VER,SJEVC,SAN JUAN EVANGELISTA,9.4
-95.03,18.52,VER,SONVC,SONTECOMAPAN,160.6
-96.49,19.34,VER,TAMVC,TAMARINDO,0
-96.97,19.38,VER,TCOVC,TEOCELO,19
-94.16,17.57,VER,TMOVC,TIERRA MORADA,290.5
-98.38,21.52,VER,TMPVC,TEMPOAL,129.2
-96.92,19.81,VER,TNCVC,TENOCHTITLAN,77.9
-98.14,21.04,VER,TRRVC,TERRERILLOS,10.4
-97.4,20.96,VER,TXPVC,TUXPAN,104.7
-95.7,18.08,VER,VAZVC,VILLA AZUETA,18
-96.11,19.15,VER,VERVC,VERACRUZ,1.5
-96.58,19.02,VER,VTEVC,VILLA TEJEDA,0
-96.92,19.53,VER,XCEVC,XALAPA CENTRO,30.5
-96.85,19.55,VER,XCFVC,XALAPA CFE,32.6
-96.92,19.53,VER,XOBVC,XALAPA OBSERVATORIO,30.1
-89.35,19.83,YUC,BECYC,BECANCHEN,82
-89.58,20.5,YUC,CANYC,CANTAMAYEN,26.1
-88.47,20.39,YUC,CHIYC,CHANCHICHIMILA                      *,103
-89.68,20.65,YUC,CHOYC,CHOCHOLA,49.9
-89.98,20.98,YUC,CICYC,CENTRO DE INV.CIENTIFICA,53.7
-87.78,21.52,YUC,CYOYC,EL CUYO,79
-89.58,20.98,YUC,EZAYC,EMILIANO ZAPATA,53.1
-89.63,20.98,YUC,FAEYC,FUERZA AEREA,39.2
-89.66,20.98,YUC,GARYC,GERENCIA REGIONAL,39
-89.6,21,YUC,MEOYC,MERIDA OBSERVATORIO,64
-89.28,21.08,YUC,MTOYC,MOTUL,32.5
-89.71,20.49,YUC,MUNYC,MUNA,29.2
-89.39,20.29,YUC,OXKYC,OXKUTZCAB,50.2
-88.95,19.96,YUC,PETYC,PETO,73
-89.6,21.3,YUC,PROYC,PROGRESO,64
-88.15,21.59,YUC,RLAYC,R.LAGARTO,57.4
-89.54,20.4,YUC,TICYC,TICUL,42.5
-88.17,21.16,YUC,TIZYC,TIZIMIN,83
-89.05,20.18,YUC,TNTYC,"TANTANQUIN, YUC. AUTOMATICA",48.6
-88.2,20.7,YUC,VALYC,VALLADOLID,56.5
-103.23,22.33,ZAC,ACHZC,ACHIMEC,98.4
-103.46,21.81,ZAC,ATGZC,ATOLINGA,143.7
-102.97,22.82,ZAC,BTEZC,BOCA DEL TESORERO,120
-102.89,22,ZAC,CHIZC,EL CHIQUE,78.3
-101.39,24.62,ZAC,CORZC,CONCEPCION DEL ORO,0
-102.35,22.45,ZAC,CUAZC,CD. CUAUHT…MOC,99
-103.09,23.69,ZAC,ELCZC,EL CAZADERO,42.9
-102.04,22.67,ZAC,ELSZC,EL SALADILLO,78.2
-103.34,21.65,ZAC,EXCZC,P.MIGUEL ALEMAN (EXCAME),107.5
-102.89,23.17,ZAC,FREZC,FRESNILLO,0
-103.09,21.93,ZAC,GJAZC,JOAQUIN AMARO,141
-102.51,22.75,ZAC,GPEZC,GUADALUPE,74.7
-102.46,22.49,ZAC,GRCZC,GENARO CODINA,83
-103.4,24.28,ZAC,JALZC,JUAN ALDAMA,9.4
-103.11,21.4,ZAC,JCHZC,JUCHIPILA,88.8
-103,22.64,ZAC,JERZC,JEREZ,97.5
-102.57,22.78,ZAC,LBUZC,LA BUFA,45.6
-103.6,22.69,ZAC,LFLZC,LA FLORIDA,72.6
-102.66,23,ZAC,LLBZC,LLANO BLANCO                        *,83
-102.25,22.44,ZAC,LMOZC,LUIS MOYA,71.6
-103.38,22.84,ZAC,LOBZC,LOBATOS,93
-101.99,22.26,ZAC,LORZC,LORETO,82.8
-103.21,23.18,ZAC,LREZC,LEOBARDO REYNOSO,65.7
-103.44,24.29,ZAC,MGAZC,MIGUEL AUZA,24.5
-103.36,21.21,ZAC,MORZC,MEZQUITAL DEL ORO,88
-103.56,22.31,ZAC,MRSZC,MONTE ESCOBEDO,92.8
-102.85,21.36,ZAC,NCTZC,NOCHISTLAN,72.6
-102.8,22.35,ZAC,PALZC,PALOMAS,64.7
-101.4,22.12,ZAC,PINZC,PINO SUAREZ,78.2
-102.9,21.72,ZAC,PMOZC,PRESA MORALE—OS,80.8
-103.03,23.82,ZAC,RGRZC,RIO GRANDE,40
-102.88,24.32,ZAC,SFOZC,SAN FRANCISCO,51.4
-103.51,24.29,ZAC,SGOZC,SANTIAGO,18.3
-103.64,23.64,ZAC,SOMZC,SOMBRERETE,42.5
-103.5,22.33,ZAC,STEZC,SANTA TERESA,100.7
-103.11,22.93,ZAC,STRZC,SANTA ROSA,90.1
-102.87,22.1,ZAC,TAYZC,TAYAHUA,105.5
-103.88,23.47,ZAC,TCHZC,CHALCHIHUTES,46
-103.46,21.47,ZAC,TGOZC,TEUL DE GONZALEZ  ORTEGA,126.6
-102.79,21.56,ZAC,TLAZC,TLALCHICHILA,90.3
-103.31,21.77,ZAC,TLLZC,TLATENANGO,106.2
-102.34,23.29,ZAC,VCOZC,VILLA DE COSS,70.1
-101.92,22.52,ZAC,VGOZC,VILLA GONZALEZ ORTEGA,93.9
-101.72,22.35,ZAC,VHGZC,VILLA HIDALGO,62.4
-103.34,21.6,ZAC,VILZC,VILLITA,89.2
-102.51,22.75,ZAC,ZA2ZC,"ZACATECAS, ZAC. AUTOMATICA",3.5
-102.58,22.76,ZAC,ZACZC,ZACATECAS,82.8
