Lon,Lat,Clave,Edo,Est,Tmed
-89.68,20.65,ABAYC,YUC,"Abal·, Yuc.",23.8
-101.54,20.45,ABSGJ,GTO,"Abasolo, Gto.",20.7
-98.39,24.07,ABSTP,TAMP,"Abasolo, Tamps.",23.7
-92.8,16.55,ACACP,CHIS,"Acala, Chis.",25.8
-99.91,16.85,ACAGR,GRO,"Acapulco, Gro.",28
-105.35,22.49,ACANR,NAY,"Acaponeta, Nay.",29.5
-105.38,22.47,ACAPONETA,NAY,"Acaponeta, Nay. SMN*",29.1
-96.84,19.7,ACAVC,VER,"Acatl·n, Ver.",15.4
-98.83,18.95,ACHMR,MOR,"Achichipico, Mor.",18.8
-97.42,19.45,ACHPB,PUE,"Alchichilca, Pue.",13.9
-103.23,22.33,ACHZC,JAL,"Achimec, Jal.",19
-97.93,19.06,ACJPB,PUE,"Acajete, Pue.",5.9
-100.71,20.03,ACNGJ,GTO,"Ac·mbaro, Gto.",19.2
-110.23,29.82,ACNSO,SON,"Aconchi, Son.",21.4
-98.91,19.64,ACOSE,MEX,"Acolman, MÈx. SGIRPC*",16.2
-98.94,20.27,ACTHD,HGO,"Actopan, Hgo.",15.7
-106.65,24.05,ACTSI,SIN,"Acatit·n, Sin.",27.1
-96.59,19.5,ACTVC,VER,"Actopan, Ver.",25.7
-99.75,16.76,ACUGR,GRO,"Acapulco, Gro. SMN*",28.1
-100.84,28.34,ADLCL,COAH,"Allende, Coah.",21.8
-98.06,18.28,ADOPB,PUE,"Acatl·n de Osorio, Pue.",27.5
-100.68,20.53,AEGGJ,GTO,"Apaseo el Grande, Gto.",20.9
-99.52,17.58,AERGR,GRO,"Observatorio de Chilpancingo Aeropuerto, Gro.",23.7
-116.2,32.27,AGHBN,BC,"Agua Hechicera, B.C.",12.3
-102.31,21.9,AGSAG,AGS,"Aguascalientes, Ags.",20
-107.48,28.48,AGZCH,CHIH,"Abraham Gonz·lez, Chih.",13.4
-99.15,22.99,AHLTP,TAMP,"Ahualulco, Tamps.",26
-98.15,20.03,AHUPB,PUE,"Ahuazontepec, Pue.",12.7
-102.44,21.6,AJJJL,JAL,"Ajoj˙car, Jal.",19.2
-98.56,21.97,AJTSL,SLP,"Las Adjuntas, S.L.P.",26.1
-100.01,25.27,AL2NL,NL,"Allende Dos, N. L.",22.2
-107.38,25.09,AL2SI,SIN,"El Varejonal hidromÈtrica, Sin.",26.8
-97.68,20.93,ALAVC,VER,"¡lamo Temapache, Ver.",25.4
-102.59,22.18,ALMAG,AGS,"Alamitos, Ags.",13.5
-116.91,32.44,ALRBN,BC,"Abelardo L. RodrÌguez, B.C.",19.9
-111.73,30.72,ALTSO,SON,"Observatorio de Altar, Son.",22.4
-97.23,19.76,ALTVC,VER,"Altotonga, Ver.",14.9
-99.26,18.73,ALUMR,MOR,"Alpuyeca, Mor.",23.5
-99.65,19.48,ALZATE,MEX,"Alzate, MÈx. SGT*",15.6
-104.07,25.26,AM2DR,DGO,"AgustÌn Melgar, Dgo. SMN*",21.7
-100.58,20.55,AMCGJ,GTO,"Ameche, Gto.",18.6
-99.38,18.6,AMCMR,MOR,"Amacuzac, Mor.",24
-98.77,18.76,AMIMR,MOR,"Amilcingo, Mor.",21.6
-101.06,29.45,AMSCL,COAH,"Internacional La Amistad, Coah.",21.9
-92.78,16.4,ANGCP,CHIS,"Doctor Belisario DomÌnguez, Chis.",25.8
-100.13,27.24,ANHNL,NL,"An·huac, N.L.",23.5
-102.46,22.19,ANVAG,AGS,"Cincuenta Aniversario, Ags.",16.8
-109.89,27.82,AOBSO,SON,"¡lvaro ObregÛn, Son.",27.6
-97.84,20.41,APAPB,PUE,"Apapantilla, Pue.",27.2
-104.49,26.23,APRDR,DGO,"Ing. BenjamÌn Ortega Cantero, Dgo.",19.9
-100.62,20.45,APSGJ,GTO,"Apaseo el Alto, Gto.",20
-102.37,19.08,APTMC,MICH,"Apatzing·n, Mich.",27
-109.54,31.33,APTSO,SON,"Agua Prieta, Son.",19
-100.93,25.56,ARACL,COAH,"Ramos Arizpe Aeropuerto, Coah.",20.7
-99.22,19.57,ARBMX,MEX,"Las Arboledas, MÈx.",17.6
-108.7,25.7,ARCSI,SIN,"Adolfo RuÌz CortÌnes, Sin.",27.6
-109.11,27.23,ARCSO,SON,"Adolfo RuÌz CortÌnes, Son.",26.2
-95.44,18.58,ARCVC,VER,"¡ngel Rosario Cabada, Ver.",25.9
-109.09,30.07,ARISO,SON,"Aribabi, Son.",16.8
-93.9,16.24,AROCP,CHIS,"Observatorio de Arriaga, Chis.",26.6
-99.82,24.1,ARRNL,NL,"Aramberri, N.L.",22.7
-110.17,30.34,ARZSO,SON,"Arizpe, Son.",17.8
-99.91,24.32,ASCNL,NL,"La AscensiÛn, N.L.",17
-101.63,20.5,ATBGJ,GTO,"Agua Tibia, Gto.",18.4
-98.35,21.02,ATCHD,HGO,"Atlapexco, Hgo.",25.7
-98.91,19.54,ATEMX,MEX,"Atenco, MÈx.",17.2
-96.53,17.43,ATEOX,OAX,"Atepec, Oax.",16.5
-103.46,21.81,ATGZC,ZAC,"Atolinga, Zac.",18.4
-98.93,18.95,ATLMR,MOR,"Atlatlahucan, Mor.",20.2
-98.42,18.92,ATXPB,PUE,"Atlixco, Pue.",18.9
-100.43,17.21,ATYGR,GRO,"Atoyac, Gro.",28
-97.88,20.39,AVCPB,PUE,"¡vila Camacho, Pue.",27.2
-107.47,25.03,AWSSI,SIN,"Andrew Weiss, Sin.",26.4
-99.1,16.95,AYUGR,GRO,"Ayutla, Gro.",28.1
-113.56,28.9,BAABN,BC,"BahÌa de los ¡ngeles, B.C. SMN*",25.9
-107.26,28.77,BACCH,CHIH,"BachÌniva, Chih.",14.7
-96.72,17.07,BAEOX,OAX,"Base AÈrea, Oax.",21.2
-97.93,22.39,BALTP,TAMP,"Bombas Altamira, Tamps.",27
-96.94,19.59,BANVC,VER,"Banderilla, Ver.",17.2
-100.41,20.5,BATQT,QRO,"El Bat·n, Qro.",18
-104.06,19.91,BBAJL,JAL,"Basilio Vadillo, Jal.",28.5
-110.24,30.6,BCNSO,SON,"Bacanuchi, Son.",17.2
-108.93,30.36,BCRSO,SON,"Bacerac, Son.",20.2
-103.72,22.41,BCSJL,JAL,"Bocas, Jal.",21.7
-91.48,17.43,BDCTB,TAB,"Boca del Cerro, Tab.",27.3
-98.11,18.91,BDDPB,PUE,"Manuel ¡vila Camacho, Pue.",15.9
-89.22,19.88,BECYC,YUC,"BecanchÈn, Yuc.",27
-98.96,21.75,BLMSL,SLP,"Ballesmi, S.L.P.",25.9
-103.78,21.83,BLNJL,JAL,"BolaÒos, Jal.",26.3
-110.22,30,BNMSO,SON,"Banamichi, Son.",22.3
-91.49,17.43,BOCADELCERRO,TAB,"Boca del Cerro, Tab. SGT*",27
-89.74,20,BOLCA,CAMP,"BolonchÈn, Camp.",27.2
-93.15,16.64,BOQCP,CHIS,"BoquerÛn, Chis.",26.8
-95.93,16.65,BOQOX,OAX,"Boquilla 1, Oax.",26.7
-99.12,24.08,BR1TP,TAMP,"El Barretal Uno, Tamps.",24
-96.93,19.48,BRIVC,VER,"Briones, Ver.",19.1
-101.84,21.05,BRRGJ,GTO,"El Barrial, Gto.",19.9
-99.22,24.1,BRRTP,TAMP,"El Barretal, Tamps.",25.2
-108.21,28.21,BSSCH,CHIH,"Basaseachi, Chih.",13.8
-102.95,22.82,BTEZC,ZAC,"RamÛn LÛpez Velarde, Zac.",17.4
-107.72,27.03,BTPCH,CHIH,"Batopilas, Chih.",27.1
-107.9,27.9,BTVCH,CHIH,"Batovira, Chih.",11.2
-103.61,19.25,BVSCM,COL,"Buenavista, Col.",25
-99.4,18.46,BVSGR,GRO,"Buena Vista, Gro.",23.1
-100.66,18.35,CA2GR,GRO,"Ciudad Altamirano, Gro. SMN*",28.6
-99.74,24.99,CABNL,NL,"Cabezones, N.L.",22.9
-92.72,15.35,CACCP,CHIS,"Cacaluta, Chis.",27.2
-95.74,18.37,CACVC,VER,"Carlos Arturo Carrillo, Ver.",27.9
-107.93,30.38,CAGCH,CHIH,"Observatorio de Nuevo Casas Grandes, Chih.",17.9
-104.7,24,CAGDR,DGO,"Campo AgrÌcola, Dgo.",18
-100.66,18.36,CALGR,GRO,"Ciudad Altamirano, Gro.",28.9
-99.7,19.33,CALMX,MEX,"Calixtlahuaca, MÈx.",14.3
-102.71,21.85,CALVILLO,AGS,"Calvillo, Ags. SMN*",21
-90.55,19.85,CAMCA,CAMP,"Campeche, Camp. SMN*",15.2
-99.58,24.87,CAMNL,NL,"Camacho, N.L.",24
-90.58,19.3,CANCA,CAMP,"Canasayab, Camp.",27.3
-86.82,21.16,CANQR,QROO,"Canc˙n, Q. Roo.",28.5
-89.08,20.46,CANYC,YUC,"Cantamayec, Yuc.",27
-105.11,21.83,CAPNR,NAY,"Capomal, Nay.",29.7
-91.76,18.65,CARCA,CAMP,"El Carmen, Camp.",28.5
-99.44,24.98,CARNL,NL,"Carmen de los Elizondo Linares, N.L.",24.1
-93.38,18,CARTB,TAB,"C·rdenas, Tab.",27.4
-92.48,16.31,CASCP,CHIS,"Cascajal, Chis.",25.1
-114.72,29.73,CATAVINA,BC,"CataviÒa, B.C. SMN*",19.9
-87.86,20.72,CATYC,YUC,"CatzÌn, Yuc.",26.5
-104.8,24.52,CB2DR,DGO,"Caboraca hidromÈtrica, Dgo.",17.8
-99.17,19.45,CBIDF,CDMX,"Escuela Nacional de Ciencias BiolÛgicas IPN, Cd. de MÈx. SMN*",18.1
-101.46,20.32,CBLMC,MICH,"Casa Blanca, Mich.",19.1
-104.81,24.54,CBRDR,DGO,"Caboraca, Dgo.",17.8
-102.06,26.98,CCGCL,COAH,"Cuatro CiÈnegas, Coah.",22.9
-99.7,17.67,CCHGR,GRO,"Chichihualco, Gro.",21.9
-99.28,25.71,CCHNL,NL,"Cuchillo Solidaridad, N.L.",24.1
-95.8,18.3,CCLVC,VER,"Chacaltianguis, Ver.",27.1
-111.66,25.01,CCNBS,BCS,"Observatorio de Ciudad ConstituciÛn, B.C.S.",24.5
-105.17,27.69,CCOCH,CHIH,"Ciudad Camargo, Chih.",20.9
-109.62,27.42,CCRSO,SON,"Cocoraque, Son.",25.1
-100.95,29.33,CDACL,COAH,"Ciudad AcuÒa, Coah.",22.1
-100.17,25.95,CDFNL,NL,"CiÈnega de Flores, N.L.",23.5
-105.45,28.21,CDLCH,CHIH,"Ciudad Delicias, Chih.",20.5
-100.66,26.84,CDLCL,COAH,"Candela, Coah.",22.7
-103.73,18.76,CDOCM,COL,"Cerro de Ortega, Col.",29.6
-96.26,18,CDOOX,OAX,"Miguel de la Madrid Hurtado, Oax.",26.2
-98.6,26.24,CDOTP,TAMP,"S-J-2-18 Ciudad DÌaz Ordaz, Tamps.",24.5
-102.68,22,CDRAG,AGS,"La Codorniz, Ags.",20.1
-97.44,18.99,CDSPB,PUE,"Ciudad Serd·n, Pue.",15.1
-99.02,21.98,CDVSL,SLP,"Ciudad Valles, S.L.P.",24.5
-99.14,19.52,CEADF,CDMX,"Campamento Amealco, Cd. de MÈx.",17.8
-104.12,26.52,CEBDR,DGO,"Ceballos, Dgo.",20
-96.7,19.43,CEGVC,VER,"Cerro Gordo, Ver.",21.9
-98.97,19.48,CEMCAS,MEX,"CEMCAS, MÈx. SMN*",25.6
-97.96,18.97,CEMPB,PUE,"Cemex, Pue.",16.5
-102.73,23.6,CFPZC,ZAC,"CaÒitas de Felipe Pescador, Zac",16.3
-104.12,24.44,CGVDR,DGO,"Ciudad Guadalupe Victoria, Dgo.",19
-103.47,19.7,CGZJL,JAL,"Observatorio de Ciudad Guzm·n, Jal.",21.4
-103.2,20.29,CHAJL,JAL,"Chapala 1, Jal. SMN*",21.5
-93.1,16.94,CHICP,CHIS,"Manuel Moreno Torres, Chis.",26.2
-99.5,17.55,CHIGR,GRO,"Chilpancingo, Gro.",22.8
-94.82,16.58,CHIOX,OAX,"Chicapa, Oax.",28.8
-98.58,18.52,CHIPB,PUE,"Chietla, Pue.",22.5
-88.47,20.39,CHIYC,YUC,"Chan Chichimil·, Yuc.",25.6
-102.9,22,CHIZC,ZAC,"El Chique, Zac.",21.7
-99.18,17.61,CHLGR,GRO,"Chilapa, Gro.",20.8
-98.32,19.07,CHLPB,PUE,"Cholula, Pue.",18
-90.72,19.36,CHMCA,CAMP,"ChampotÛn, Camp.",27.7
-92.28,15.75,CHMCP,CHIS,"Chicomuselo, Chis.",24.7
-102.2,22.01,CHOAG,AGS,"CaÒada Honda, Ags.",18
-88.33,18.5,CHOQR,QROO,"Observatorio de Chetumal, Q. Roo.",28.4
-89.83,20.75,CHOYC,YUC,"Chochol·, Yuc.",27.7
-98.88,19.48,CHPMX,MEX,"Chapingo, MÈx.",16.9
-98.57,18.11,CHSPB,PUE,"Chila de la Sal, Pue.",23.5
-111.52,30.87,CHTSO,SON,"CuauhtÈmoc, Son.",25.1
-95.06,16.5,CHVOX,OAX,"Santiago Chivela, Oax.",24.7
-108.33,26.74,CHXSI,SIN,"Observatorio de Choix, Sin.",24.9
-98.16,21.74,CHYVC,VER,"Paso de Piedras, Ver.",25.9
-89.64,21.03,CICYC,YUC,"Centro de InvestigaciÛn CientÌfica, Yuc.",28.1
-106.45,31.76,CILANORTE,CHIH,"CILA Norte, Chih. SGT*",19.8
-99.92,22.58,CIUDADMANTE,TAMP,"Ciudad Mante, Tamps. SMN*",26.5
-110.74,29.47,CJNSO,SON,"El CajÛn, Son.",21.7
-106.4,31.74,CJZCH,CHIH,"Ciudad Ju·rez, Chih.",19.9
-107.4,24.82,CLCSI,SIN,"Culiac·n, Sin.",29.3
-97.54,21.07,CLHVC,VER,"Chalahuite, Ver.",26.5
-103.63,18.83,CLLCM,COL,"Callejones, Col.",29
-105.38,27.58,CLNCH,CHIH,"Ing. Andrew Weiss, Chih.",18.9
-103.52,25.53,CLRDR,DGO,"Ciudad Lerdo, Dgo.",23
-103.25,22.13,CLTJL,JAL,"Observatorio de Colotl·n, Jal.",20.5
-102.19,21.83,CLVAG,AGS,"Calvillo, Ags.",15.7
-100.82,20.54,CLYGJ,GTO,"Celaya, Gto.",20.9
-99.24,19.53,CLYMX,MEX,"Calacoaya, MÈx.",16.6
-90.54,19.84,CMPCA,CAMP,"Campeche, Camp.",27.6
-98.2,19.02,CNAPB,PUE,"Conagua, Pue.",19.2
-103.7,24.87,CNCDR,DGO,"CuencamÈ, Dgo.",21.7
-91.05,18.18,CNDCA,CAMP,"Candelaria, Camp.",27.8
-108.54,27.42,CNDCH,CHIH,"ChÌnipas, Chih.",24.2
-98.05,19.74,CNGPB,PUE,"Chignahuapan, Pue.",12.5
-98.41,16.47,CNLGR,GRO,"Cuajinicuilapa, Gro.",29.2
-99.3,19.7,CNPMX,MEX,"La ConcepciÛn, MÈx.",16.1
-101.99,21.9,CNSAG,AGS,"Los Conos, Ags.",17.5
-100.08,20.42,CNSQT,QRO,"ConstituciÛn de 1917, Qro.",18.2
-100.95,29.21,CNTCL,COAH,"El Centenario, Coah.",20.5
-104.75,24.5,CNTDR,DGO,"Canatl·n, Dgo.",17.3
-86.91,20.48,CO2QR,QROO,"Cozumel, Q. Roo. SMN*",26.8
-98.16,18.61,COAPB,PUE,"Coatzingo, Pue.",22.6
-96.94,19.45,COAVC,VER,"Coatepec, Ver.",20.5
-90.51,19.84,COBCA,CAMP,"Observatorio de Campeche, Camp.",28.3
-99.63,19.29,COBMX,MEX,"Observatorio de Toluca, MÈx.",12.4
-109.94,27.5,COBSO,SON,"Observatorio de Ciudad ObregÛn, Son.",26.7
-99.66,18.25,COCGR,GRO,"Cocula, Gro.",28.1
-101.47,21.07,COMGJ,GTO,"Comanjilla, Gto.",18.8
-97.82,25.97,CONTP,TAMP,"Control, Tamps.",25.7
-89.5,21.08,CONYC,YUC,"Conkal, Yuc.",26.3
-92.1,16.2,COOCP,CHIS,"Observatorio de Comit·n, Chis.",20.7
-100.36,20.2,CORGJ,GTO,"Coroneo, Gto.",15.9
-101.86,20.21,CORMC,MICH,"Corrales, Mich.",19.7
-98.94,23.94,CORTP,TAMP,"Corona, Tamps.",25.4
-101.39,24.62,CORZC,ZAC,"ConcepciÛn del Oro, Zac.",16.5
-94.4,18.1,COTVC,VER,"Observatorio de Coatzacoalcos, Ver.",27
-86.95,20.51,COZQR,QROO,"Cozumel, Q. Roo.",28.3
-105.13,20,CPEJL,JAL,"CajÛn de PeÒa, Jal.",28
-98.56,19.59,CPPTL,TLAX,"Calpulalpan, Tlax.",13.9
-99.4,24.94,CPRNL,NL,"JosÈ LÛpez Portillo, N.L.",23.2
-103.8,19.21,CQMCM,COL,"Coquimatl·n, Col.",27.8
-96.37,19.36,CRDVC,VER,"Cardel, Ver.",27
-107.63,27.75,CRLCH,CHIH,"Creel, Chih.",8.8
-101.67,20.62,CRMGJ,GTO,"Cuer·maro, Gto.",20.4
-116.7,32.48,CRRBN,BC,"El Carrizo, B.C.",19.1
-96.65,19.32,CRRVC,VER,"Carrizal, Ver.",26.5
-100.96,20.49,CRTGJ,GTO,"Cort·zar, Gto.",20.5
-101.74,21.5,CRTJL,JAL,"El Cuarenta, Jal.",18.3
-99.7,24.78,CRUNL,NL,"Crucitas, N.L.",22.4
-99.61,26.09,CRVNL,NL,"Cerralvo, N.L.",23.5
-109.93,22.9,CSLBS,BCS,"Cabo San Lucas, B.C.S.",25.4
-102.3,22.36,CSOAG,AGS,"CosÌo, Ags.",16
-100.9,20.95,CSRGJ,GTO,"Cinco SeÒores, Gto.",17.7
-101.67,21.19,CSSGJ,GTO,"Los Castillos, Gto.",20.3
-101.67,21.2,CSTGJ,GTO,"Los Castillos, Gto.",20.3
-99.2,19.41,CTMDF,CDMX,"Observatorio de Tacubaya, Cd. de MÈx.",18.4
-100.28,22.43,CTSSL,SLP,"Cerritos, S.L.P.",19.6
-95.3,18.14,CTTVC,VER,"Cuatotolapan, Ver.",25.9
-97.52,20.03,CTZPB,PUE,"Cuetzalan del Progreso, Pue.",20.5
-103.6,19.32,CUACM,COL,"CuauhtÈmoc, Col.",23.8
-98.95,18.81,CUAMR,MOR,"Cuautla, Mor.",22
-97.77,19.3,CUATL,TLAX,"Cuapiaxtla, Tlax.",15.3
-102.35,22.45,CUAZC,ZAC,"Ciudad CuauhtÈmoc, Zac.",18.4
-99.2,18.9,CUEMR,MOR,"Cuernavaca, Mor.",21.7
-96.95,17.8,CUIOX,OAX,"Cuicatl·n, Oax.",23.8
-105.22,20.59,CULJL,JAL,"Cuale, Jal.",27.8
-99.38,18.7,CUTMR,MOR,"Cuautlita, Mor.",25.3
-89.31,20.74,CUZYC,YUC,"Cuzama, Yuc.",28
-99.17,23.72,CVCTP,TAMP,"Observatorio de Ciudad Victoria, Tamps.",24.3
-99.19,23.73,CVTTP,TAMP,"Ciudad Victoria, Tamps.",24.9
-103.45,21.07,CXTJL,JAL,"Cuixtla, Jal.",26.5
-87.68,21.51,CYOYC,YUC,"El Cuyo, Yuc.",27.4
-101.05,17.38,CYQGR,GRO,"Coyuquilla, Gro.",27.2
-103.47,25.54,CYTCL,COAH,"Coyote, Coah.",25.4
-108.76,26.6,CZNSO,SON,"Cazanate, Son.",24.6
-100.17,23.68,DARNL,NL,"Doctor Arroyo, N.L.",20.3
-99.2,19.3,DATDF,CDMX,"DesviaciÛn Alta, Cd. de MÈx.",18.4
-105.5,28.17,DELICIAS,CHIH,"Ciudad Delicias, Chih. SMN*",22.4
-92.58,15.2,DESCP,CHIS,"Despoblado, Chis.",28
-100.93,21.15,DHGGJ,GTO,"Dolores Hidalgo, Gto.",19.5
-113.46,27.64,DIAZORDAZBN,BCS,"Gustavo DÌçaz Ordaz, B.C.S. SMN*",22
-103.88,19.11,DJLCM,COL,"Presa derivadora Jala, Col.",28.3
-99.56,19.88,DNXMX,MEX,"DanxhÛ, MÈx.",13.3
-113.46,27.64,DORBS,BCS,"DÌaz Ordaz, B.C.S.",20.8
-104.67,24.03,DRGDR,DGO,"Durango, Dgo.",19.9
-89.04,21.25,DZIYC,YUC,"Dzidzant˙n, Yuc.",25.8
-100.9,20.28,ECBGJ,GTO,"El Cubo, Gto.",19
-109.23,29.2,ECBSO,SON,"El Cubil, Son.",24.7
-101.24,20.87,ECHGJ,GTO,"El ChapÌn, Gto.",19.6
-98.28,18.97,ECHPB,PUE,"EcheverrÌa, Pue.",17
-101.37,20.72,ECNGJ,GTO,"El Conejo, Gto.",19.5
-100.2,25.52,ECSNL,NL,"El Cerrito, N.L.",22.5
-97.65,19.32,ECTTL,TLAX,"El Carmen Tequexquitla, Tlax.",15.1
-116.83,32.47,EFLBN,BC,"El Florido, B.C.",19
-108.62,26.43,EFTSI,SIN,"El Fuerte, Sin.",26.4
-100.45,19.97,EGIMC,MICH,"El Gigante, Mich.",18.9
-100.67,18.7,EGLGR,GRO,"El Gallo, Gro.",27.2
-103.1,23.69,ELCZC,ZAC,"El Cazadero, Zac.",17.5
-92.95,15.5,ELNCP,CHIS,"El Novillero, Chis.",28.7
-98.79,18.69,ELPMR,MOR,"El PeÒÛn, Mor.",21.2
-102.04,22.67,ELSZC,ZAC,"El Saladillo, Zac.",16.7
-95.37,16.43,EMAOX,OAX,"El MarquÈs, Oax.",29
-91.79,17.86,EMILIANOZAPATA,TAB,"Emiliano Zapata, Tab. SGT*",17.9
-99.24,19.45,EMOMX,MEX,"El Molinito RÌo Hondo, MÈx.",16.6
-92.92,17.98,EMUTB,TAB,"Villahermosa Muelle, Tab.",28.3
-99.36,20.16,ENDHD,HGO,"EndhÛ, Hgo.",18.6
-115.15,32.41,ENLBN,BC,"Observatorio de Ejido Nuevo LeÛn, B.C.",23.3
-99.08,23.38,ENNTP,TAMP,"La Encantada, Tamps.",23.7
-96.36,19.41,ENRVC,VER,"El Naranjillo, Ver.",26.9
-101.68,21.17,EPLGJ,GTO,"El Palote, Gto.",20.4
-110.8,27.95,EPLSO,SON,"Observatorio de Empalme, Son.",25.3
-92.81,18.04,EPOTB,TAB,"El Porvenir, Tab.",27.4
-100.45,20.54,EPUQT,QRO,"El Pueblito, Qro.",19.1
-98.69,22.6,ERCTP,TAMP,"Estudiante Ramiro Caballero Dorantes, Tamps.",26.1
-90.76,18.61,ESCARCEGA,CAMP,"Esc·rcega, Camp. SMN*",28.1
-90.74,18.6,ESCCA,CAMP,"Esc·rcega, Camp.",28.8
-92.67,15.32,ESCCP,CHIS,"Escuintla, Chis.",29.5
-92.67,15.33,ESCUINTLA,CHIS,"Escuintla, Chis. SMN*",28.5
-100.92,25.44,ESLCL,COAH,"SecretarÌa de Agricultura Saltillo, Coah.",20
-96.16,19.07,ETEVC,VER,"El Tejar, Ver.",26.6
-103.35,21.65,EXCZC,ZAC,"Miguel Alem·n, Zac.",19
-103.34,20.72,EXPJL,JAL,"La Experiencia, Jal.",22.2
-91.75,17.75,EZATB,TAB,"Emiliano Zapata, Tab.",27.9
-89.58,20.98,EZAYC,YUC,"Emiliano Zapata, Yuc.",27.3
-89.64,20.94,FAEYC,YUC,"Fuerza AÈrea, Yuc.",27.5
-88.04,19.58,FCRQR,QROO,"Observatorio de Felipe Carrillo Puerto, Q. Roo.",28
-98.16,24.84,FDOTP,TAMP,"San Fernando, Tamps.",25.1
-92.33,15.17,FHACP,CHIS,"Finca Hamburgo, Chis.",21.3
-105.63,28.17,FIMCH,CHIH,"Francisco I. Madero, Chih.",20.1
-89.64,21.05,FIYYC,YUC,"Facultad de IngenierÌa Universidad AutÛnoma de Yucat·n, Yuc.",27.1
-102.89,23.17,FREZC,ZAC,"Fresnillo, Zac.",17.2
-103.96,24,FV2DR,DGO,"Francisco Villa hidromÈtrica, Dgo.",18.9
-103.96,24,FVLDR,DGO,"Francisco Villa, Dgo.",18.9
-103.77,25.27,FZRDR,DGO,"Francisco Zarco, Dgo.",23.4
-92.92,17.97,GABTB,TAB,"Gaviotas 2, Tab.",26.8
-100.08,24.83,GALNL,NL,"Galeana, N.L.",18.9
-99.24,21.91,GANSL,SLP,"Gallinas, S.L.P.",24.5
-95.56,18.27,GARVC,VER,"Garro, Ver.",26.9
-89.66,20.98,GARYC,YUC,"Organismo de Cuenca PenÌnsula de Yucat·n, Yuc.",26.9
-105.14,20.89,GAVNR,NAY,"Gaviotas, Nay.",29
-99.09,19.48,GCNDF,CDMX,"km 6+250, Cd. de MÈx.",17
-107.91,25.86,GD2SI,SIN,"Bacurato hidromÈtrica de Gustavo Diaz Ord·z, Sin.",27.4
-105.25,25.5,GESDR,DGO,"General Escobedo, Dgo.",20.3
-100.37,20.57,GHQQT,QRO,"Gerencia Hidalgo, Qro.",20
-103.09,22.93,GJAZC,ZAC,"General JoaquÌn Amaro, Zac.",16
-101.74,20.44,GLNGJ,GTO,"La Golondrina, Gto.",19.2
-108.09,25.47,GMCSI,SIN,"Guam˙chil, Sin.",28
-105.96,25.93,GNCDR,DGO,"GuanacevÌ, Dgo.",14
-114.05,27.96,GNGBS,BCS,"Guerrero Negro, B.C.S.",24.9
-93,17.98,GONTB,TAB,"Gonz·lez, Tab.",27.5
-93.07,17.97,GONZALEZ,TAB,"Gonz·lez, Tab. SGT*",34.2
-108.3,29.2,GPCCH,CHIH,"Guapoca, Chih.",17.1
-102.51,22.75,GPEZC,ZAC,"Guadalupe, Zac.",17.1
-107.07,26.81,GRCCH,CHIH,"Guerachi, Chih.",25.3
-102.46,22.49,GRCZC,ZAC,"Genaro Codina, Zac.",13.7
-98.92,19.58,GRDMX,MEX,"La Grande, MÈx.",17
-93.12,16.98,GRICP,CHIS,"Grijalva, Chis.",28.4
-108.47,25.72,GSVSI,SIN,"Guasave, Sin.",28
-107.22,25.34,GTNSI,SIN,"Guatenipa, Sin.",27.1
-101.27,21.01,GTOGJ,GTO,"Observatorio de Guanajuato, Gto.",19.8
-103.35,20.68,GUAJL,JAL,"Guadalajara Centro, Jal.",21.5
-101.26,21.01,GUANAJUATO,GTO,"Guanajuato, Gto. SGT*",19.8
-103.39,20.71,GUCJL,JAL,"Observatorio de Guadalajara, Jal.",22
-104.75,23.96,GVCDR,DGO,"Presidente Guadalupe Victoria, Dgo.",14.8
-104.75,23.96,GVHDR,DGO,"Guadalupe Victoria hidromÈtrica, Dgo.",14.8
-106.97,26.1,GYCCH,CHIH,"Guadalupe y Calvo, Chih.",13
-110.85,27.95,GYMSO,SON,"Guaymas, Son.",24.6
-99.65,20.37,HCPHD,HGO,"Huichapan, Hgo.",15.6
-109.33,25.98,HDZSI,SIN,"Higuera de Zaragoza, Sin.",26
-90.11,20.18,HECCA,CAMP,"Hecelchak·n, Camp.",27.1
-98.46,21.77,HGOVC,VER,"El Higo, Ver.",25.8
-100.01,25.96,HGRNL,NL,"Higueras, N.L.",21.5
-99.18,18.57,HIGMR,MOR,"HiguerÛn, Mor.",25.4
-98.42,21.15,HJTHD,HGO,"Huejutla, Hgo.",25.6
-98.46,19.1,HJTPB,PUE,"Huejotzingo, Pue.",15.3
-97.78,17.81,HLOOX,OAX,"Observatorio de Huajuapan de LeÛn, Oax.",20.5
-98.29,21.19,HLSVC,VER,"Los Hules, Ver.",26.2
-110.92,29.07,HM2SO,SON,"Observatorio de Hermosillo, Son.",25.7
-110.93,29.07,HMNSO,SON,"Hermosillo, Son.",26.3
-97.91,19.32,HMTTL,TLAX,"Huamantla, Tlax.",14.9
-89.85,19.75,HPOCA,CAMP,"Hopelchen, Camp.",28.4
-98.54,18.77,HQCPB,PUE,"Huaquechula, Pue.",20.2
-108.96,30.21,HSHSO,SON,"Huachinera, Son.",17.7
-96.95,19.18,HTSVC,VER,"Huatusco, Ver.",18.3
-102.25,20.48,HUAJL,JAL,"Huascato, Jal.",20.5
-99.42,18.61,HUAMR,MOR,"Huajintl·n, Mor.",24.5
-98.05,20.18,HUAPB,PUE,"Huauchinango, Pue.",18.4
-97.95,19.31,HUATL,TLAX,"Huamantla, Tlax. SMN*",18.4
-98.75,18.88,HUEMR,MOR,"Hueyapan, Mor.",14
-99.71,20.32,HUICHAPAN,HGO,"Huichapan, Hgo. SMN*",16.6
-92.47,15.13,HUICP,CHIS,"Huixtla, Chis.",27
-99.26,19.03,HUIMR,MOR,"Huitzilac, Mor.",11.9
-100.28,20.39,HUIQT,QRO,"Huimilpan, Qro. SMN*",17.2
-99.02,18.44,HUTMR,MOR,"Huautla, Mor.",23.1
-98.78,18.94,HUXMR,MOR,"Huecahuaxco, Mor.",17.1
-98.48,20.53,HUYVC,VER,"Huayacocotla, Ver.",14.5
-100.83,20.85,IALGJ,GTO,"Ignacio Allende, Gto.",19
-96.55,19.4,IDOVC,VER,"Õdolos, Ver.",27.4
-99.55,18.35,IGLGR,GRO,"Iguala, Gro.",25.1
-107.88,26.87,IGNCH,CHIH,"San Ignacio, Chih.",25
-99.52,18.36,IGUALA,GRO,"Iguala, Gro. SMN*",26.3
-110.89,30.76,IMRSO,SON,"Imuris, Son.",18.6
-99.16,18.88,IMTMR,MOR,"Instituto Mexicano de TecnologÌa del Agua, Mor. SMN*",24.2
-96.88,19.6,INCVC,VER,"Ingenio ConcepciÛn, Ver.",19.7
-101.88,18.27,INFMC,MICH,"Infiernillo, Mich.",29.3
-107.88,26.87,INGCH,CHIH,"San Ignacio, Chih.",25
-110.4,28.43,IRASO,SON,"Ignacio R. Alatorre, Son.",24.3
-101.35,20.68,IRPGJ,GTO,"Irapuato, Gto.",21.2
-100.82,21.88,IVGSL,SLP,"ValentÌn Gama, S.L.P.",18.7
-99.22,20.48,IXMHD,HGO,"Ixmiquilpan, Hgo.",20.3
-106.6,23.96,IXPSI,SIN,"Ixpalino, Sin.",28.7
-95.1,16.58,IXTOX,OAX,"Ixtepec, Oax.",27.9
-97.82,19.62,IXTPB,PUE,"Ixtacamaxtitl·n, Pue.",15.1
-98.47,18.61,IZMPB,PUE,"Iz˙car de Matamoros, Pue.",22.8
-89.03,20.93,IZMYC,YUC,"Izamal, Yuc.",28.8
-96.2,17.87,JACOX,OAX,"Jacatepec, Oax.",26.5
-94.67,17.95,JALVC,VER,"Jaltip·n, Ver.",27.2
-103.4,24.28,JALZC,ZAC,"Juan Aldama, Zac.",17.8
-92.72,15.87,JAPCP,CHIS,"Jaltenango, Chis.",23.6
-103.11,21.4,JCHZC,ZAC,"Juchipila, Zac.",22.5
-102.36,22.12,JCQAG,AGS,"Jocoque, Ags.",19.2
-100.52,20.15,JCRGJ,GTO,"JerÈcuaro, Gto.",18.6
-95.03,17.43,JCRVC,VER,"Jes˙s Carranza, Ver.",27
-94.09,17.87,JDCVC,VER,"San JosÈ del Carmen, Ver.",27
-101,20.38,JDPGJ,GTO,"Jaral del Progreso, Gto.",19.2
-103,22.64,JERZC,ZAC,"Jerez, Zac.",19.3
-106.81,24.57,JLPSI,SIN,"JosÈ LÛpez Portillo, Sin.",24.7
-104.52,22.25,JMANR,NAY,"Jes˙s MarÌa, Nay.",31
-104.91,27.13,JMNCH,CHIH,"JimÈnez, Chih.",20.2
-102.71,20.29,JMYJL,JAL,"Jamay, Jal.",20.4
-108.01,25.9,JNASI,SIN,"Jaina, Sin.",26.1
-98.8,18.7,JNCMR,MOR,"Jonacatepec, Mor.",20.8
-99.2,18.6,JOJMR,MOR,"Jojutla, Mor.",24.6
-108.7,26.43,JORSI,SIN,"Josefa Ortiz de DomÌnguez, Sin.",22.8
-97.02,19.6,JOYVC,VER,"La Joya, Ver.",13.5
-100.45,20.7,JRQQT,QRO,"Juriquilla, Qro.",19.6
-99.05,19.63,K27MX,MEX,"km 27+250, MÈx.",17.2
-101.84,20.68,LADGJ,GTO,"Las Adjuntas, Gto.",19.6
-101.29,20.86,LAPURISIMAGJ,GTO,"La PurÌsima, Gto. SGT*",21.9
-101.85,20.67,LASADJUNTAS,GTO,"Las Adjuntas, Gto. SGT*",18.6
-95.35,18.25,LAUVC,VER,"Lauchapan, Ver.",24.3
-109.7,23.68,LBABS,BCS,"Los Barriles, B.C.S.",25.9
-100.13,25.43,LBCNL,NL,"Rodrigo GÛmez, N.L.",22.9
-105.41,27.54,LBQCH,CHIH,"La Boquilla, Chih.",20.3
-102.57,22.78,LBUZC,ZAC,"Observatorio de Zacatecas, Zac.",14.8
-96.91,18.21,LCAOX,OAX,"La Carbonera, Oax.",16.3
-94.33,18.11,LCAVC,VER,"La Cangrejera, Ver.",25
-109.38,30.44,LCDSO,SON,"L·zaro C·rdenas, Son.",20.3
-101,18.42,LCLGR,GRO,"La Calera, Gro.",26
-105.02,25.59,LCRDR,DGO,"L·zaro C·rdenas, Dgo.",23.2
-106.9,23.92,LCRSI,SIN,"La Cruz, Sin.",27.8
-98.91,18.68,LCUMR,MOR,"La Cuera, Mor.",19.1
-108.35,26.9,LD2SI,SIN,"Huites hidromÈtrica, Sin.",26.1
-103.77,18.81,LDACM,COL,"Laguna de Amela, Col.",27.5
-100.02,16.96,LDCGR,GRO,"Laguna de Coyuca, Gro.",26.6
-103.2,20.29,LDCJL,JAL,"Lago de Chapala, Jal.",21.8
-99.24,16.76,LDGGR,GRO,"Las Vigas, Gro.",27.5
-101.07,20.29,LDYGJ,GTO,"Laguna de Yuriria, Gto.",19
-101.69,21.14,LENGJ,GTO,"LeÛn, Gto.",21.4
-99.53,25.5,LERNL,NL,"Las Enramadas, N.L.",24
-93.56,16.7,LFLCP,CHIS,"Las Flores, Chis.",26.3
-103.28,25.07,LFLDR,COAH,"La Flor, Coah.",22.1
-103.6,22.69,LFLZC,ZAC,"La Florida, Zac.",18.5
-97.23,18.92,LGRVC,VER,"Loma Grande, Ver.",13.6
-100.88,20.4,LGVGJ,GTO,"Presa la Gavia, Gto.",19.3
-97.69,19.46,LIBPB,PUE,"Libres, Pue.",14.6
-96.98,20.05,LIBVC,VER,"Libertad, Ver.",26.7
-101.36,20.28,LJIGJ,GTO,"Las JÌcamas, Gto.",19.8
-107.03,29.88,LJSCH,CHIH,"Las Lajas, Chih.",16.3
-102.66,23,LLBZC,ZAC,"Llano Blanco, Zac.",16.2
-105.28,28.98,LLNCH,CHIH,"Ing. Luis L. LeÛn, Chih.",21.3
-102.25,22.44,LMOZC,ZAC,"Luis Moya, Zac.",17.5
-98.76,20.59,LMTHD,HGO,"Metztitl·n, Hgo.",21.5
-103.31,24.61,LNRDR,DGO,"Los Naranjos, Dgo.",20.9
-103.38,22.85,LOBZC,ZAC,"Manuel Felgueres, Zac.",17.7
-96.41,19.26,LOFVC,VER,"Loma Fina, Ver.",27.2
-101.99,22.26,LORZC,ZAC,"Loreto, Zac.",18.3
-102,20.35,LPDMC,MICH,"La Piedad, Mich.",21.6
-94.92,17.42,LPEVC,VER,"Las Perlas, Ver.",25.8
-103.73,19.22,LPSCM,COL,"La Posta, Col.",27.2
-102.2,18.8,LPSMC,MICH,"La PastorÌa, Mich.",28.8
-110.37,24.15,LPZBS,BCS,"Observatorio de La Paz, B.C.S.",27.6
-101.2,18.8,LPZMC,MICH,"Los Pinzanes, Mich.",28.4
-100.5,27.05,LPZNL,NL,"Lampazos, N.L.",22.8
-101.11,21.32,LQMGJ,GTO,"La Quemada, Gto.",16
-103.22,23.18,LREZC,ZAC,"Gobernador Leobardo Reynoso, Zac.",16.9
-111.35,26.01,LRTBS,BCS,"Observatorio de Loreto, B.C.S.",26.3
-99.12,22.85,LSRTP,TAMP,"La Servilleta, Tamps.",25.7
-105.47,24.19,LVEDR,DGO,"Las Vegas, Dgo. SMN*",14.4
-97.1,19.65,LVRVC,VER,"Las Vigas de RamÌrez, Ver.",12.9
-100.67,23.65,MA2SL,SLP,"Matehuala, S.L.P. SMN*",20.1
-101.93,20.51,MABGJ,GTO,"Mariano Abasolo, Gto.",19.3
-92.6,17.77,MACTB,TAB,"Macuspana, Tab.",27.6
-99.55,24.57,MAGTP,TAMP,"Magueyes, Tamps.",23.3
-93.6,17.18,MALCP,CHIS,"NezahualcÛyotl, Chis.",27
-92.88,15.45,MAPCP,CHIS,"Mapastepec, Chis.",27.6
-95.48,17.45,MAROX,OAX,"MarÌa Lombardo, Oax.",25.6
-103.23,25.53,MATCL,COAH,"Matamoros, Coah.",23.2
-100.64,23.66,MATSL,SLP,"Matehuala, S.L.P.",20.5
-97.52,25.83,MATTP,TAMP,"Matamoros, Tamps.",26
-98.23,19.01,MAYPB,PUE,"Mayorazgo 21 Poniente, Pue.",18.5
-99.22,19.48,MBLMX,MEX,"Molino Blanco, MÈx.",17.8
-99.37,17.47,MCHGR,GRO,"Mochitl·n, Gro.",25
-109,25.8,MCHSI,SIN,"Los Mochis, Sin.",28.3
-101.42,26.91,MCVCL,COAH,"Observatorio de Monclova, Coah.",23.6
-99.2,26.02,MDRNL,NL,"Madero, N.L.",24.8
-97.84,22.28,MDRTP,TAMP,"Madero, Tamps.",28.2
-97.05,20.07,MDTVC,VER,"MartÌnez de la Torre, Ver.",25.5
-89.65,20.95,MEOYC,YUC,"Observatorio de MÈrida, Yuc.",28.2
-99.12,19.42,MERSE,CDMX,"Merced, Cd. de MÈx. SGIRPC*",18.4
-89.65,20.95,MERYC,YUC,"MÈrida, Yuc. SMN*",17.2
-96.33,19.15,MFAVC,VER,"Manlio Fabio Altamirano, Ver.",27.4
-103.44,24.29,MGAZC,ZAC,"Miguel Auza, Zac.",17.7
-99.43,24.25,MHGTP,TAMP,"Miguel Hidalgo, Tamps.",24.8
-99.4,18.7,MIAMR,MOR,"Miacatl·n, Mor.",22.3
-99.16,22.12,MICSL,SLP,"Micos, S.L.P.",23.9
-94.53,17.98,MINVC,VER,"Minatitl·n, Ver.",24.6
-111.98,26.9,MLGBS,BCS,"MulegÈ, B.C.S.",24.4
-100.24,25.86,MMAN,NL,"Aeropuerto Internacional del Norte, N.L.*",23.8
-96.26,15.77,MMBT,OAX,"Aeropuerto Internacional de BahÌas de Huatulco, Oax.*",27.6
-99.26,18.83,MMCB,MOR,"Aeropuerto Internacional de Cuernavaca, Mor.*",22.8
-107.47,24.76,MMCL,SIN,"†Aeropuerto Internacional Federal de Culiac·n, Sin.*",29.7
-109.83,27.4,MMCN,SON,"Aeropuerto Internacional de Ciudad ObregÛn, Son.*",25.8
-106.44,31.64,MMCS,CHIH,"Aeropuerto Internacional de Ciudad Ju·rez, Chih.*",19.9
-105.97,28.7,MMCU,CHIH,"Aeropuerto Internacional de Chihuahua, Chih.*",17.6
-98.96,23.71,MMCV,TAMP,"Aeropuerto Internacional de Ciudad Victoria, Tamps.*",24.2
-110.92,27.97,MMGM,SON,"Aeropuerto Internacional de Guaymas, Son.*",26.4
-111.05,29.09,MMHO,SON,"Aeropuerto Internacional de Hermosillo, Son.*",25.5
-103.58,19.28,MMIA,COL,"Aeropuerto Nacional de Colima, Col.*",24.6
-100.93,25.55,MMIO,COAH,"Aeropuerto Internacional de Saltillo, Coah.*",20.7
-101.48,20.99,MMLO,GTO,"Aeropuerto Internacional de Guanajuato, Gto.*",20.4
-110.37,24.08,MMLP,BCS,"Aeropuerto Internacional de La Paz, B.C.S.*",25
-111.35,25.99,MMLT,BCS,"Aeropuerto Internacional de Loreto, B.C.S.*",26.9
-97.53,25.77,MMMA,TAMP,Aeropuerto Internacional de Matamoros Tamps.*,26.2
-115.25,32.63,MMML,BC,"Aeropuerto Internacional de Mexicali, B.C.*",22.4
-101.03,19.85,MMMM,MICH,"Aeropuerto Internacional de Morelia, Mich.*",18.1
-99.07,19.44,MMMX,CDMX,"Aeropuerto Internacional de la Ciudad de MÈxico, Cd. de MÈx.*",17.9
-100.11,25.78,MMMY,NL,"Aeropuerto Internacional de Monterrey, N.L.*",22.7
-99.57,27.45,MMNL,TAMP,"Aeropuerto Internacional de Nuevo Laredo, Tamps.*",26
-96.72,17,MMOX,OAX,"Aeropuerto Internacional de Oaxaca, Oax.*",20
-97.46,20.6,MMPA,VER,"Aeropuerto de Poza Rica, Ver.*",27.3
-100.54,28.63,MMPG,COAH,"Aeropuerto Internacional de Piedras Negras, Coah.*",24.1
-102.04,19.4,MMPN,MICH,"Aeropuerto Internacional de Uruapan, Mich.*",19.6
-100.19,20.62,MMQT,QRO,"Aeropuerto Intercontinental de QuerÈtaro, Qro.*",19.4
-109.72,23.14,MMSD,BCS,"Aeropuerto Internacional de Los Cabos, B.C.S.*",25.7
-109.94,22.95,MMSL,BCS,"AerÛdromo Internacional de Cabo San Lucas, B.C.S.",25.7
-100.93,22.26,MMSP,SLP,"Aeropuerto Internacional de San Luis PotosÌ, S.L.P.*",17.2
-103.4,25.56,MMTC,COAH,"Aeropuerto Internacional de TorreÛn, Coah.*",23.4
-116.97,32.54,MMTJ,BC,"Aeropuerto Internacional de Tijuana, B.C.*",18.6
-99.57,19.34,MMTO,MEX,"Aeropuerto Internacional de Toluca, Edo. de MÈx.*",14.3
-92.37,14.79,MMTP,CHIS,"Aeropuerto Internacional de Tapachula, Chis.*",27.5
-92.82,18,MMVA,TAB,"Aeropuerto Internacional de Villahermosa, Tab.*",27.9
-102.68,22.9,MMZC,ZAC,"Aeropuerto Internacional de Zacatecas, Zac.*",16.3
-101.46,17.61,MMZH,GRO,"Aeropuerto Internacional de Ixtapa-Zihuatanejo, Gro.*",28.5
-104.56,19.15,MMZO,COL,"Aeropuerto Internacional de Manzanillo-Costalegre, Col.*",28.6
-102.79,21.81,MNLAG,AGS,"Media Luna, Ags.",20
-104.32,19.04,MNZCM,COL,"Observatorio de Manzanillo, Col.",29.2
-94.77,18.14,MNZVC,VER,"Minzapan, Ver.",25.6
-89.44,21.11,MOCYC,YUC,"Mococh·, Yuc.",26.9
-101.18,19.69,MORMC,MICH,"Observatorio de Morelia, Mich.",18.1
-103.36,21.21,MORZC,ZAC,"Mezquital del Oro, Zac.",23.1
-103.85,25.82,MPMDR,DGO,"MapimÌ, Dgo.",23.1
-98.93,26.2,MRGTP,TAMP,"Marte Rodolfo GÛmez, Tamps.",24.9
-95.04,16.88,MROOX,OAX,"MatÌas Romero, Oax. SMN*",26.4
-103.56,22.31,MRSZC,ZAC,"Monte Escobedo, Zac.",16.6
-99.83,25.17,MTMNL,NL,"Montemorelos, N.L.",22.5
-89.29,21.09,MTOYC,YUC,"Motul, Yuc.",26.4
-98.8,21.33,MTPSL,SLP,"Observatorio de Matlapa, S.L.P.",25
-100.27,25.68,MTRNL,NL,"Monterrey, N.L.",23.5
-89.71,20.49,MUNYC,YUC,"Muna, Yuc.",26.6
-99.22,20.24,MXQHD,HGO,"Mixquiahuala, Hgo.",17.6
-99,18.73,MYOMR,MOR,"Moyotepec, Mor.",21.2
-96.83,19.93,MZNVC,VER,"Misantla, Ver.",23
-101.51,27.88,MZQCL,COAH,"M˙zquiz, Coah.",21.4
-106.4,23.23,MZTSI,SIN,"Observatorio de Mazatl·n, Sin.",28.8
-110.14,29,MZTSO,SON,"Mazat·n, Son.",23.6
-96.87,19.65,NAOVC,VER,"Naolinco, Ver.",17.6
-102.85,21.36,NCTZC,ZAC,"Nochistl·n, Zac.",19.4
-109.69,30.37,NCZSO,SON,"Observatorio de Nacozari, Son.",21.2
-99.14,18.52,NEXMR,MOR,"Nexpa, Mor.",22.7
-110.95,31.32,NGLSO,SON,"Nogales, Son.",19.3
-102.37,21.78,NGRAG,AGS,"El Ni·gara, Ags.",19.2
-95.52,18.63,NLTVC,VER,"Naranjal, Lerdo de Tejada, Ver.",26.6
-99.32,22.52,NRJSL,SLP,"Naranjos, S.L.P.",24.4
-101.33,27.92,NUEVAROSITA,COAH,"Nueva Rosita, Coah. SMN*",22
-109.44,27.07,NVJSO,SON,"Navojoa, Son.",26.5
-102,22.02,NVLAG,AGS,"El Novillo, Ags.",16.4
-112.85,31.87,NYNSO,SON,"Sonoyta, Son.",20.3
-90.22,19.61,NYXCA,CAMP,"Noh-YaxchÈ, Camp.",28.9
-104.11,25.23,NZSDR,DGO,"Nazas, Dgo.",21.1
-96.73,17.07,OACOX,OAX,"Oaxaca Centro, Oax.",21.8
-96.7,17,OAOOX,OAX,"Observatorio de Aeropuerto Oaxaca, Oax.",22.2
-98.9,18.9,OAXMR,MOR,"Oaxtepec, Mor.",21.6
-107.19,24.25,OBISPO,SIN,"Obispo, Sin. SMN*",27.5
-102.29,21.85,OBSAG,AGS,"Observatorio de Aguascalientes, Ags.",20
-99.22,18.91,OBSMR,MOR,"Observatorio de Cuernavaca, Mor.",21.2
-99.19,19.62,OBSMX,MEX,"San MartÌn Obispo, MÈx.",17.4
-100.3,25.73,OBSNL,NL,"Observatorio de Monterrey, N.L.",23.5
-100.37,20.57,OBSQT,QRO,"Observatorio de QuerÈtaro, Qro.",20.5
-107.44,24.63,OBSSI,SIN,"Observatorio de Culiac·n, Sin.",28.2
-92.93,17.98,OBSTB,TAB,"Observatorio de Villahermosa, Tab.",28.4
-98.25,19.32,OBSTL,TLAX,"Observatorio de Tlaxcala, Tlax.",17.5
-102.27,22.58,OCAZC,ZAC,"Ojo Caliente, Zac.",17.1
-101.48,21.65,OCMGJ,GTO,"Ocampo, Gto.",18.1
-93.15,17.23,OCOTEPEC,CHIS,"Ocotepec, Chis. SGT*",18.4
-98.76,18.88,OCTMR,MOR,"Ocuituco, Mor.",18.9
-100.76,21.85,OCTSL,SLP,"Ojo Caliente, S.L.P.",19
-99.8,16.8,ODAGR,GRO,"Observatorio de Acapulco, Gro.",28.5
-99.5,17.6,ODZGR,GRO,"Observatorio de Zumpango, Gro.",24.9
-104.41,29.56,OJNCH,CHIH,"Ojinaga, Chih.",21.1
-101.92,21.37,OLMJL,JAL,"Observatorio de Lagos de Moreno, Jal.",22.1
-98.74,17.78,OLNGR,GRO,"Olinal·, Gro.",24.4
-98.51,21.84,OLVVC,VER,"El Olivo, Ver.",25.6
-89.85,20.55,OPIYC,YUC,"Opichen, Yuc.",26.2
-110.71,29.23,ORGSO,SON,"El OrÈgano, Son.",25.5
-98.6,21.17,ORZHD,HGO,"San Felipe Orizatl·n, Hgo.",24.9
-97.1,18.85,ORZVC,VER,"Observatorio de Orizaba, Ver.",21.2
-94.4,16.5,OSTOX,OAX,"Ostuta, Oax.",27.5
-89.39,20.29,OXKYC,YUC,"Oxkutzcab, Yuc.",25.7
-97.53,19.7,OYAPB,PUE,"Oyameles, Pue.",10.8
-104.66,24.24,PA2DR,DGO,"PeÒa del ¡guila hidromÈtrica, Dgo.",19
-98.9,24.05,PADTP,TAMP,"Padilla, Tamps.",24.8
-104.66,24.2,PAGDR,DGO,"PeÒa del ¡guila, Dgo.",18.9
-105.02,22.38,PAJNR,NAY,"Pajaritos, Nay.",28.3
-101.97,21.92,PALAG,AGS,"Palo Alto, Ags.",18.8
-100.82,20.85,PALGJ,GTO,"Presa Allende, Gto. SMN*",19.6
-102.8,22.35,PALZC,ZAC,"Palomas, Zac.",16.5
-99.22,24.99,PAMNL,NL,"La Pamona, N.L.",24.5
-97.8,25.8,PANTP,TAMP,"Pueblo An·huac, Tamps.",25.3
-96.08,18.17,PAPOX,OAX,"Papaloapan, Oax.",26.2
-93.33,18.42,PARAISO,TAB,"ParaÌso, Tab. SMN*",28.1
-102.18,25.44,PARCL,COAH,"Parras, Coah.",22.4
-102.28,22.15,PBLAG,AGS,"PabellÛn, Ags.",18.8
-99.18,19.74,PCGMX,MEX,"Puente Colgante, MÈx.",14.8
-98.74,20.12,PCHHD,HGO,"Pachuca, Hgo.",16.6
-91.97,15.85,PCOCP,CHIS,"Puente Concordia, Chis.",25.8
-98.75,20.12,PCOHD,HGO,"Observatorio de Pachuca, Hgo.",16.2
-97.25,18.92,PCRPB,PUE,"Paso Carretas, Pue.",11.7
-101.05,19.49,PDBMC,MICH,"Planta de Bombeo, Mich.",19.6
-98.75,23.73,PDMTP,TAMP,"Paso de Molina, Tamps.",25
-109.08,29.43,PDNSO,SON,"Paso N·cori, Son.",24.2
-96.14,19.04,PDTVC,VER,"Paso del Toro, Ver.",26.7
-102.42,22.14,PECAG,AGS,"Plutarco ElÌas Calles, Ags.",18.8
-109.64,28.98,PECSO,SON,"Plutarco ElÌas Calles, Son.",25
-99.2,19.33,PEDSE,CDMX,"Pedregal, Cd. de MÈx. SGIRPC*",17.6
-97.81,21.18,PEMVC,VER,"El Moralillo, Ver.",26.2
-101.11,20.52,PERGJ,GTO,"Pericos, Gto.",19.3
-98.33,20.06,PERHD,HGO,"La Esperanza, Hgo.",15
-97.24,19.58,PERVC,VER,"Perote, Ver.",13
-99.45,17.48,PETGR,GRO,"Petaquillas, Gro.",27.1
-88.93,20.13,PETYC,YUC,"Peto, Yuc.",27.9
-93.22,15.69,PIJCP,CHIS,"Pijijiapan, Chis.",28.6
-99.02,24.21,PILTP,TAMP,"PilÛn, Tamps.",25.2
-101.4,22.12,PINZC,ZAC,"Pino Su·rez, Zac.",15.3
-99.78,19.46,PIRMX,MEX,"Ignacio RamÌrez, MÈx.",13.6
-99.32,18.63,PIXMR,MOR,"Puente de Ixtla, Mor.",24.4
-98.26,18.2,PIXPB,PUE,"Piaxtla, Pue.",24
-99.56,24.25,PJMTP,TAMP,"Pedro JosÈ MÈndez, Tamps.",22.1
-93.38,17.61,PLATANAR,CHIS,"Platanar, Chis. SGT*",26.8
-109.93,23.97,PLNBS,BCS,"Los Planes, B.C.S.",25.5
-116.6,31.89,PLZBN,BC,"Presa LÛpez Zamora, B.C. SMN*",13
-92.09,18.25,PLZCA,CAMP,"Palizada, Camp.",29.8
-108.58,26.51,PMHSI,SIN,"Miguel Hidalgo, Sin.",26.2
-110.73,29.21,PMOSO,SON,"Ing. Rodolfo FÈlix ValdÈs, Son.",24.8
-102.9,21.71,PMOZC,ZAC,"Los MoraleÒos, Zac.",22.8
-99.83,21.65,PMYSL,SLP,"Pedro Montoya, S.L.P.",22
-98.18,22.06,PNCVC,VER,"P·nuco, Ver.",26.4
-100.53,28.71,PNGCL,COAH,"Observatorio de Piedras Negras, Coah.",24.3
-100.88,21.1,PNLGJ,GTO,"PeÒuelitas, Gto.",18.2
-103.81,19.33,PNTCM,COL,"PeÒitas, Col.",27
-98.05,16.35,PNTOX,OAX,"Pinotepa, Oax. SMN*",27.9
-92.88,17.85,PNVTB,TAB,"Pueblo Nuevo, Tab.",27.8
-100.5,21.22,POZGJ,GTO,"Pozos, Gto.",16
-97.32,20.45,PPNVC,VER,"Papantla, Ver.",25.4
-97.48,20.54,PRCVC,VER,"Poza Rica, Ver.",25.3
-99.27,19.52,PREMX,MEX,"Presa MadÌçn, MÈx. SMN*",18.6
-99.33,20.36,PRGHD,HGO,"Javier Rojo GÛmez, Hgo.",19
-89.65,21.28,PROYC,YUC,"Observatorio de Progreso, Yuc.",27.5
-99.31,19.96,PRQHD,HGO,"Requena, Hgo.",18
-105.68,26.92,PRRCH,CHIH,"Observatorio de Parral, Chih.",19.6
-101,27.42,PRSCL,COAH,"Progreso, Coah.",22.4
-101.29,20.87,PRSGJ,GTO,"La PurÌsima, Gto.",20.1
-98.36,21.3,PSNVC,VER,"PlatÛn S·nchez, Ver.",26
-113.55,31.35,PT2SO,SON,"Observatorio de Puerto PeÒasco, Son.",23.3
-96.48,15.67,PTAOX,OAX,"Observatorio de Puerto ¡ngel, Oax.",28.3
-110.31,28.47,PTASO,SON,"Punta de Agua 2, Son.",23
-102.14,22.2,PTOAG,AGS,"Puerto de la ConcepciÛn, Ags.",17.5
-112.12,30.7,PTQSO,SON,"Pitiquito, Son.",21
-102.44,22.24,PTRAG,AGS,"Derivadora PabellÛn, Ags.",17.9
-92.87,17.87,PUEBLONUEVO,TAB,"Pueblo Nuevo, Tab. SGT*",28
-98.94,21.85,PUJSL,SLP,"El Pujal, S.L.P.",25.9
-98.17,19.05,PUOPB,PUE,"Observatorio de Puebla, Pue.",17.3
-92.94,17.57,PUYTB,TAB,"Puyacatengo, Tab.",27.5
-99.38,20.44,PVAHD,HGO,"Vicente Aguirre, Hgo.",19
-95.82,17.83,PVCVC,VER,"Playa Vicente, Ver.",26.5
-99.58,24.18,PVLTP,TAMP,"Puerto de Valles, Tamps.",21.9
-106.09,28.66,QIJCH,CHIH,"Observatorio de Chihuahua, Chih.",19.9
-106.47,23.56,QLTSI,SIN,"Quelite, Sin.",27.2
-111.02,30.05,QRBSO,SON,"Querobabi, Son.",22.6
-98.5,16.66,QTZGR,GRO,"Quetzala, Gro.",28.1
-97.62,19.25,QUIPB,PUE,"Quimixtl·n, Pue.",16.8
-95.63,18.72,RALVC,VER,"Radar Alvarado, Ver.",27.2
-96.71,20.16,RAUVC,VER,"El Raudal, Ver.",26
-107.76,25.12,RAVSI,SIN,"EstaciÛn Rancho Viejo, Sin.",27.2
-110.57,29.71,RAYSO,SON,"RayÛn, Son.",21.2
-109.59,23.59,RBRBS,BCS,"La Ribera, B.C.S.",24.8
-104.1,18.94,RDRCM,COL,"Radar, Col.",29.5
-92.67,15.92,REFCP,CHIS,"Reforma, Chis.",25.5
-93.08,16.16,REVCP,CHIS,"RevoluciÛn Mexicana, Chis.",25.6
-99.03,22.84,RFRTP,TAMP,"RÌo FrÌo, Tamps.",26.5
-103.03,23.82,RGRZC,ZAC,"RÌo Grande, Zac.",19.3
-102.72,20.4,RIOZULA,JAL,"RÌo Zula, Jal. SGT*",21.1
-88.16,21.57,RLAYC,YUC,"RÌo Lagartos, Yuc.",26.9
-99.17,16.82,RMEGR,GRO,"RevoluciÛn Mexicana, Gro.",26.3
-95.92,17.73,RMLOX,OAX,"RÌo Manso Lalana, Oax.",25.9
-97.4,20.12,RNAPB,PUE,"Rancho Nuevo, Pue.",25.1
-96.55,19.35,RNCVC,VER,"Rinconada, Ver.",26.8
-99.33,18.77,RODMR,MOR,"El Rodeo, Mor.",22.5
-105.21,22.12,ROMNR,NAY,"Rosamorada, Nay.",28.6
-106.37,26.13,ROSDR,DGO,"La Rosilla, Dgo.",10.8
-98.89,21.42,RQTSL,SLP,"Requetemu, S.L.P.",25.7
-105.85,22.98,RSRSI,SIN,"Rosario, Sin.",28.4
-105.14,21.96,RUINR,NAY,"Ruiz, Nay.",28.6
-100,21.93,RVDSL,SLP,"Observatorio de RÌo Verde, S.L.P.",22.2
-98.29,26.08,RYATP,TAMP,"S-J-3-42 Reynosa, Tamps.",24
-98.88,26.17,RYNTP,TAMP,"S-J-2-9 Reynosa, Tamps.",24.2
-100.58,25.27,SAACL,COAH,"San Antonio de las Alazanas, Coah.",16.8
-105.44,25.22,SACDR,DGO,"SalomÈ Acosta, Dgo.",19.1
-98.91,19.53,SADMX,MEX,"San AndrÈs, MÈx.",16.4
-99.03,19.53,SAGSE,MEX,"San AgustÌn, MÈx. SGIRPC*",18.7
-102.72,20.07,SAHMC,MICH,"Sahuayo, Mich.",21.5
-101.2,20.56,SALAMANCA,GTO,"Salamanca, Gto. SGT*",20.9
-101.02,25.38,SALCL,COAH,"Observatorio de Saltillo, Coah.",17.9
-92.33,17.56,SALTODEAGUA,CHIS,"Salto de Agua, Chis. SGT*",27.3
-100.89,20.21,SALVATIERRA,GTO,"Salvatierra, Gto. SGT*",17.6
-93.28,18,SAMARIA,TAB,"Samaria, Tab. SGT*",25.7
-93.28,18,SAMTB,TAB,"Samaria, Tab.",24.4
-105.33,26.43,SANANTONIO,DGO,"San Antonio, Dgo. SGT*",17.9
-110.06,23.8,SANBS,BCS,"San Antonio, B.C.S.",25.1
-110,24.08,SARBS,BCS,"El Sargento, B.C.S.",26.6
-93.38,17.42,SAYCP,CHIS,"Sayula, Chis.",26.3
-104.67,23.87,SB2DR,DGO,"Santiago Bayacora hidromÈtrica, Dgo.",19.9
-109.84,23.74,SBABS,BCS,"San Bartolo, B.C.S.",23.3
-104.93,23.82,SBBDR,DGO,"Santa B·rbara, Dgo.",12.8
-91.18,18.97,SBNCA,CAMP,"Sabancuy, Camp.",27.4
-101.12,27.85,SBNCL,COAH,"Sabinas, Coah.",22
-108.88,27.41,SBNSO,SON,"San Bernardo, Son.",25.6
-99.09,23.03,SBNTP,TAMP,"Sabinas, Tamps.",25.6
-97.81,20.89,SBTVC,VER,"Sombrerete, Ver.",26.1
-104.68,23.87,SBYDR,DGO,"Santiago Bayacora, Dgo.",19.9
-92.63,16.73,SCOCP,CHIS,"Observatorio de San CristÛbal, Chis.",17.9
-92.62,16.74,SCRCP,CHIS,"Puente Morelos, Chis.",17
-102.46,20.21,SCRMC,MICH,"San CristÛbal, Mich.",22.4
-95.2,16.18,SCROX,OAX,"Observatorio de Salina Cruz, Oax.",29.3
-98.22,19.11,SCRPB,PUE,"San CristÛbal Caleras, Pue.",16.8
-106.95,24.48,SCRSI,SIN,"Santa Cruz, Sin.",28
-98.87,22.78,SDATP,TAMP,"Saca de Agua, Tamps.",25.6
-93.06,16.45,SDOCP,CHIS,"Santo Domingo, Chis.",26.6
-104.05,23.62,SELDR,DGO,"Santa Elena, Dgo.",17.8
-101.22,21.48,SFEGJ,GTO,"San Felipe, Gto.",15.3
-99.26,19.36,SFESE,CDMX,"Santa Fe, Cd. de MÈx. SGIRPC*",15.6
-114.85,31.03,SFLBN,BC,"Observatorio de San Felipe, B.C.",23.5
-102.88,24.32,SFOZC,ZAC,"San Francisco, Zac.",22.4
-108.78,26.07,SFRSI,SIN,"Sufragio, Sin.",27
-96.53,17.88,SFUOX,OAX,"San Felipe Usila, Oax.",24.5
-105.56,26.44,SGBDR,DGO,"San Gabriel, Dgo.",20.6
-98.79,23.08,SGBTP,TAMP,"San Gabriel, Tamps.",24.9
-103.51,24.29,SGOZC,ZAC,"Santiago, Zac.",17.8
-95.18,18.45,SIHVC,VER,"Sihuap·n, Ver.",25.3
-99.08,19.47,SJADF,CDMX,"San Juan de AragÛn, Cd. de MÈx.",18.5
-98.2,19.56,SJATL,TLAX,"San JosÈ Atlanga, Tlax.",13.3
-109.71,23.12,SJCBS,BCS,"San JosÈ del Cabo, B.C.S.",27.4
-100.47,17.14,SJEGR,GRO,"San JerÛnimo, Gro.",27.1
-95.13,17.88,SJEVC,VER,"San Juan Evangelista, Ver.",27.1
-101.02,20.4,SJLGJ,GTO,"Santa Julia, Gto.",19.5
-107.84,25.49,SJNSI,SIN,"San Juan, Sin.",27.2
-93.08,17.56,SJOCP,CHIS,"San JoaquÌn, Chis.",28.5
-110.24,28.71,SJPSO,SON,"San JosÈ de Pimas, Son.",22.6
-106.13,24.44,SJRDR,DGO,"San JosÈ de los Reyes, Dgo.",19.4
-102.65,19.84,SJUMC,MICH,"San Juanico, Mich.",19.9
-98.87,19.19,SLAMX,MEX,"San Luis Ameca, MÈx.",15.4
-99.19,18.92,SLDMR,MOR,"Solidaridad, Mor.",20.2
-101.2,20.57,SLMGJ,GTO,"Salamanca, Gto.",20
-98.21,23.76,SLMTP,TAMP,"Observatorio de Soto la Marina, Tamps.",26.2
-100.52,21.3,SLPGJ,GTO,"San Luis de la Paz, Gto.",17.2
-101.02,22.15,SLPSL,SLP,"Observatorio de San Luis PotosÌ, S.L.P.",23.4
-107.1,24.45,SLRSI,SIN,"San Lorenzo, Sin.",29.5
-100.67,20.06,SLSGJ,GTO,"SolÌs, Gto.",19.8
-106.7,24.12,SLTSI,SIN,"Ing. Aurelio Benassini VizcaÌno, Sin.",28.1
-100.89,20.22,SLVGJ,GTO,"Salvatierra, Gto.",20
-98.79,22.94,SLZTP,TAMP,"Lic. Emilio Portes Gil, Tamps.",25.7
-96.45,17.12,SMAOX,OAX,"San Antonio Cuajimoloyas, Oax.",9.7
-97.91,18.74,SMCPB,PUE,"San Miguel Canoa, Pue.",13.2
-100.95,29.03,SMGCL,COAH,"San Miguel, Coah.",21.1
-92.24,15.78,SMICP,CHIS,"San Miguel, Chis.",26.2
-103.7,27.29,SMJCL,COAH,"Sierra Mojada, Coah.",19.6
-105.37,25.95,SMODR,DGO,"Santa MarÌa del Oro, Dgo.",15.6
-100.75,20.58,SMOGJ,GTO,"San Miguel Octopan, Gto.",20.5
-107.16,24.81,SN2SI,SIN,"Sanalona hidromÈtrica, Sin.",26.4
-92.82,16.94,SNACP,CHIS,"Santa MarÌa, Chis.",26.2
-96.93,17.52,SNAOX,OAX,"Santiago Nacaltepec, Oax.",17.2
-99.48,16.8,SNMGR,GRO,"San Marcos, Gro.",23.6
-109.71,23.49,SNTBS,BCS,"Santiago, B.C.S.",24.5
-102.11,21.88,SNVAG,AGS,"Sandovales, Ags.",17.4
-103.64,23.64,SOMZC,ZAC,"Observatorio de Sombrerete, Zac.",16.9
-95.03,18.52,SONVC,VER,"Sontecomapan, Ver.",25
-102.98,25.76,SPECL,COAH,"San Pedro, Coah.",23.8
-98.18,19.11,SPMTL,TLAX,"San Pablo del Monte, Tlax.",15
-105.42,25.04,SPPDR,DGO,"Santiago Papasquiaro, Dgo.",19.2
-91.16,17.79,SPTTB,TAB,"San Pedro, Tab.",28.9
-115.94,30.53,SQNBN,BC,"San QuintÌn, B.C. SMN*",25.2
-106.25,23.35,SQRSI,SIN,"Siqueros, Sin.",28.6
-100.55,25.03,SRANL,NL,"San Rafael, N.L.",16.7
-105.57,26.08,SRDDR,DGO,"Sardinas, Dgo.",17
-112.27,27.34,SRLBS,BCS,"Observatorio de Santa RosalÌa, B.C.S.",26.2
-111.45,30.39,SRSSO,SON,"Santa Rosa 2, Son.",21.9
-101.07,20.3,SRTGJ,GTO,"Santa Rita, Gto.",20.5
-98.58,19.33,SRTPB,PUE,"Santa Rita Tlahuapan, Pue.",14.8
-103.5,22.33,STEZC,ZAC,"Independencia Nacional, Zac.",19.4
-101.02,25.38,STOCL,COAH,"Saltillo, Coah.",19.8
-112.27,27.34,STRBS,BCS,"Santa RosalÌça, B.C.S. SMN*",25.7
-99.06,22.02,STRSL,SLP,"Santa Rosa, S.L.P.",26
-103.11,22.92,STRZC,ZAC,"Santa Rosa, Zac.",15.5
-98.62,21.69,SVTSL,SLP,"San Vicente, S.L.P.",25.8
-92.24,14.99,TAMCP,CHIS,"Malpaso II, Chis.",26.1
-96.49,19.34,TAMVC,VER,"Tamarindo, Ver.",27.3
-89.05,20.03,TANYC,YUC,"TantaquÌn, Yuc.",24.4
-92.26,14.91,TAPCP,CHIS,"Tapachula, Chis.",28.5
-92.78,17.46,TAPIJULAPA,TAB,"Tapijulapa, Tab. SGT*",24.8
-92.78,17.46,TAPTB,TAB,"Tapijulapa, Tab.",26.1
-100.75,20.28,TARGJ,GTO,"Tarimoro, Gto.",19.5
-102.86,22.12,TAYZC,ZAC,"Ing. Juli·n Adame Alatorre, Zac.",20.5
-98.86,21.25,TBLSL,SLP,"Tierra Blanca, S.L.P.",24.9
-96.35,18.45,TBLVC,VER,"Tierra Blanca, Ver.",26.8
-99.8,19.34,TBRMX,MEX,"Tres Barrancas, MÈx.",13.8
-102.58,21.45,TCAJL,JAL,"Teocaltiche, Jal.",21.5
-103.88,23.47,TCHZC,ZAC,"Chalchihuites, Zac.",16.6
-103.87,18.91,TCMCM,COL,"Tecom·n, Col.",29.7
-99.53,17.17,TCOGR,GRO,"Tierra Colorada, Gro.",25.8
-96.97,19.38,TCOVC,VER,"Teocelo, Ver.",16.8
-97.79,20,TDRPB,PUE,"Tepango de RodrÌguez, Pue.",19.9
-92.97,17.57,TEATB,TAB,"Teapa, Tab.",27.8
-97.75,18.88,TECPB,PUE,"Tecamachalco, Pue.",18.9
-97.4,18.48,TEHPB,PUE,"Tehuac·n, Pue.",19
-98.78,18.45,TELPB,PUE,"Teotlalco, Pue.",23.7
-100.23,20,TEMASCALES,MICH,"Temascales, Mich. SGT*",14.5
-101.3,20.6,TEMGJ,GTO,"TemascatÌo, Gto.",21.7
-99.22,18.86,TEMMR,MOR,"Temixco, Mor.",23.3
-96.41,18.23,TEMOX,OAX,"Presidente Alem·n, Oax.",26.6
-97.81,19.83,TEOPB,PUE,"Tetela de Ocampo, Pue.",16.9
-99.96,19.66,TEPETITLAN,MEX,"Tepetitl·n, MÈx. SGT*",15.2
-100.23,20,TEPMC,MICH,"Tepuxtepec, Mich.",16.6
-104.89,21.49,TEPNR,NAY,"Observatorio de Tepic, Nay.",24.5
-99.08,18.95,TEPOZTLAN,MOR,"Tepoztl·n, Mor. SMN*",22.9
-100.23,20,TEPUXTEPEC,MICH,"Tepuxtepec, Mich. SGT*",16.7
-95.6,16.42,TEQOX,OAX,"Tequisistl·n, Oax.",27.8
-97.36,19.82,TEZPB,PUE,"Teziutl·n, Pue.",16.2
-103.46,21.47,TGOZC,ZAC,"Te˙l de Gonz·lez Ortega, Zac.",20
-102.78,24.56,TGRDR,DGO,"El Tigre, Dgo.",20.6
-100.78,20.52,TGRGJ,GTO,"Tres Guerras, Gto.",19.4
-103.44,26.11,THODR,DGO,"Tlahualilo, Dgo.",22.6
-99.1,18.79,TICMR,MOR,"Ticum·n, Mor.",23.4
-89.56,20.4,TICYC,YUC,"Ticul, Yuc.",26.5
-100.55,21.63,TIESL,SLP,"La MuÒeca, S.L.P.",16.7
-99.31,18.49,TILMR,MOR,"Tilzapotla, Mor.",21.7
-88.17,21.16,TIZYC,YUC,"TizimÌn, Yuc.",26.5
-103.32,20.58,TLAJL,JAL,"Tlaquepaque, Jal.",23.3
-99.2,19.53,TLASE,MEX,"Tlalnepantla, MÈx. SGIRPC*",17.4
-102.79,21.56,TLAZC,ZAC,"Tlalchichila, Zac.",16.8
-98.94,19.04,TLCMR,MOR,"Tlacualera, Mor.",12.7
-98.37,20.08,TLGHD,HGO,"Observatorio de Tulancingo, Hgo.",16.6
-105.72,25.34,TLHDR,DGO,"Observatorio de Tepehuanes, Dgo.",18.6
-103.31,21.77,TLLZC,ZAC,"Tlaltenango, Zac.",19.1
-98.75,18.81,TLOMR,MOR,"Tlacotepec, Mor.",21.2
-98.6,17.5,TLPGR,GRO,"Tlapa, Gro.",24.5
-96.85,18.4,TLPPB,PUE,"Tlacotepec de DÌaz, Pue.",23.8
-98.04,20.37,TLXPB,PUE,"Tlaxco, Pue.",21.3
-107.85,28.95,TMCCH,CHIH,"Observatorio de TemÛsachic, Chih.",15.7
-98.79,18.78,TMCMR,MOR,"Temoac, Mor.",20
-104.37,19.98,TMLJL,JAL,"RamÛn Corona Madrigal General, Jal.",21.9
-98.82,21.55,TMOSL,SLP,"TampamolÛn, S.L.P.",26.6
-94.16,17.57,TMOVC,VER,"Tierra Morada, Ver.",26.2
-97.88,22.24,TMPTP,TAMP,"Tampico, Tamps.",26.7
-98.41,21.5,TMPVC,VER,"Tempoal, Ver.",26.5
-98.42,22.42,TMSTP,TAMP,"TamesÌ, Tamps.",25.6
-98.76,21.24,TMTSL,SLP,"Temamatla, S.L.P.",25.2
-100.3,19.77,TMUMC,MICH,"Tercer Mundo, Mich.",17
-106.98,24.93,TMZDR,DGO,"Tamazula, Dgo.",28.1
-96.92,19.81,TNCVC,VER,"Tenochtitl·n, Ver.",22.4
-102.13,21.81,TNJAG,AGS,"La Tinaja 2, Ags.",18.7
-96.54,15.74,TNMOX,OAX,"Tonameca, Oax.",27.8
-107.38,29.56,TNTCH,CHIH,"El Tintero, Chih.",17.5
-89.05,20.03,TNTYC,YUC,"TantaquÌn, Yuc. SMN*",27.2
-103.45,25.54,TORCL,COAH,"Observatorio de TorreÛn, Coah.",25
-105.85,23.09,TORSI,SIN,"Las Tortugas, Sin.",27.4
-98.92,18.99,TOTMR,MOR,"Totolapan, Mor.",18.8
-109.5,29.53,TPCSO,SON,"Tepache, Son.",24.5
-93.53,15.88,TPICP,CHIS,"Tres Picos, Chis.",27.6
-98.84,18.6,TPLMR,MOR,"Tepalcingo, Mor.",21.5
-97.49,19.49,TPYPB,PUE,"Tepeyahualco, Pue.",17.6
-103.4,18.97,TRJCM,JAL,"Solidaridad, Jal.",27.3
-98.15,21.04,TRRVC,VER,"Terrerillos, Ver.",25.4
-110.21,23.48,TSNBS,BCS,"Todos Santos, B.C.S.",25.5
-109.21,27.66,TSOSO,SON,"Tesocoma, Son.",24.2
-99.28,19.45,TTLMX,MEX,"Totolica hidromÈtrica, MÈx.",17.8
-99.12,19.9,TTQMX,MEX,"Tajo de Tequixquiac, MÈx",16.3
-93.1,16.76,TUXCP,CHIS,"Tuxtla Oriente, Chis.",26.2
-103.18,20.15,TUXCUECA,JAL,"Tuxcueca, Jal. SGT*",19.8
-96.13,18.08,TUXOX,OAX,"Tuxtepec, Oax.",27.7
-99.39,19.83,TXMHD,MEX,"Taxhimay, MÈx.",16.5
-93.13,16.75,TXOCP,CHIS,"Observatorio de Tuxtla GutiÈrrez, Chis.",26.7
-97.4,20.96,TXPVC,VER,"Observatorio de Tuxpan, Ver.",26.4
-99.4,17.57,TXTGR,GRO,"Tixtla, Gro.",22.7
-95.42,18.47,TZAVC,VER,"Tres Zapotes, Ver.",26
-107.91,27.22,URECH,CHIH,"Urique, Chih.",26.9
-102.14,19.96,UREMC,MICH,"Urepetiro, Mich.",17.2
-97.72,18.87,UTTPB,PUE,"Universidad TecnolÛgica Tecamachalco, Pue. SMN*",27.6
-88.2,20.69,VALYC,YUC,"Observatorio de Valladolid, Yuc.",28
-96.3,17.78,VANOX,OAX,"Valle Nacional, Oax.",26.6
-95.7,18.08,VAZVC,VER,"Villa Azueta, Ver.",27.9
-97.8,25.91,VCATP,TAMP,"Villa C·rdenas, Tamps.",25
-110.29,27.64,VCMSO,SON,"VÌcam, Son.",23.7
-102.34,23.29,VCOZC,ZAC,"Villa de Cos, Zac.",20.4
-100.62,27.52,VCRCL,COAH,"Venustiano Carranza, Coah.",22.8
-101.18,20.38,VDSGJ,GTO,"Valle de Santiago, Gto.",19
-103.85,20.6,VEGJL,JAL,"Ing. Santiago Camarena, Jal.",23.4
-97.68,20.51,VENPB,PUE,"Venustiano Carranza, Pue.",21.5
-96.11,19.15,VERVC,VER,"Observatorio de Veracruz, Ver.",27.4
-101.92,22.52,VGOZC,ZAC,"Villa Gonz·lez Ortega, Zac.",16.2
-104.93,26.24,VHGDR,DGO,"Villa Hidalgo, Dgo.",15.7
-101.72,22.35,VHGZC,ZAC,"Villa Hidalgo, Zac.",15
-97.8,25.7,VHMTP,TAMP,"Valle Hermoso, Tamps.",25
-105.16,26.74,VICCH,CHIH,"Villa Coronado, Chih.",19.7
-93.27,16.23,VIFCP,CHIS,"Villaflores, Chis.",25.6
-99.1,19.66,VIFSE,MEX,"Villa de las Flores, MÈx. SGIRPC*",17.1
-103.34,21.59,VILZC,ZAC,"JosÈ MarÌa Morelos, Zac.",23.7
-107.06,24.75,VINSI,SIN,"Vinoramas, Sin.",26.5
-102.07,22.1,VJZAG,AGS,"Villa Ju·rez, Ags.",17.3
-105.51,26.45,VOCDR,DGO,"Villa Ocampo, Dgo.",20.3
-100.93,21.8,VRYSL,SLP,"Villa de Reyes, S.L.P.",18.8
-96.61,19.02,VTEVC,VER,"Villa Tejeda, Ver.",24.8
-105.81,27.45,VZRCH,CHIH,"Valle de Zaragoza, Chih.",20.7
-99.08,19.53,XALSE,MEX,"Xalostoc, MÈx. SGIRPC*",18.8
-96.92,19.53,XCEVC,VER,"Xalapa Centro, Ver.",20.1
-96.85,19.55,XCFVC,VER,"Xalapa CFE, Ver.",19.7
-89.86,19.66,XCPCA,CAMP,"Xcupil, Camp.",27
-97.96,20.28,XDJPB,PUE,"Xicotepec de Ju·rez, Pue.",19.6
-100.09,21.3,XICGJ,GTO,"Xich˙, Gto.",20.7
-99.19,18.53,XICMR,MOR,"Xicatlacotla, Mor.",25.7
-96.92,19.53,XOBVC,VER,"Observatorio de Xalapa, Ver.",20.2
-98.49,17.9,XXHGR,GRO,"Xochihuehuetl·n, Gro.",25.3
-99.05,18.9,YAHMR,MOR,"Yautepec, Mor.",23.3
-93.33,17.12,YAMCP,CHIS,"YamonhÛ, Chis.",25.6
-108.92,28.37,YC2SO,SON,"YÈcora, Son. SMN*",15.5
-108.93,28.37,YCRSO,SON,"YÈcora, Son.",15.6
-98.87,18.88,YECMR,MOR,"Yecapixtla, Mor.",20.6
-108.17,29.67,YEPCH,CHIH,"Yepachic, Chih.",15.2
-102.24,20.34,YURMC,MICH,"YurÈcuaro, Mich.",22.4
-101.8,19.81,ZACAPU,MICH,"Zacapu, Mich. SGT*",17
-95.93,17.15,ZACOX,OAX,"Zacatepec, Oax.",21.2
-98.24,19.22,ZACTL,TLAX,"Zacatelco, Tlax.",16.7
-102.58,22.76,ZACZC,ZAC,"Zacatecas, Zac.",17.1
-94.22,16.4,ZANOX,OAX,"Zanatepec, Oax.",28.5
-97.58,19.86,ZCPPB,PUE,"Zacapoaxtla, Pue.",16.6
-99.2,18.65,ZCTMR,MOR,"Observatorio de Zacatepec, Mor.",24.9
-101.55,17.65,ZHTGR,GRO,"Zihuatanejo, Gro.",28.7
-101.93,18.92,ZICMC,MICH,"Zicuir·n, Mich.",29
-100.83,19.86,ZINMC,MICH,"ZinapÈcuaro, Mich.",18.5
-97.91,19.2,ZITTL,TLAX,"Zitlaltepec, Tlax.",13.2
-99.5,20.66,ZMPHD,HGO,"Ing. Fernando Hiriart Balderrama, Hgo.",20.8
-108.36,25.74,ZOPSI,SIN,"El Zopilote, Sin.",28
-97.01,18.33,ZOQPB,PUE,"Zoquitl·n, Pue.",11.2
-100.9,29.03,ZPTCL,COAH,"Zapata, Coah.",21.1
-99.78,23.98,ZRGNL,NL,"Zaragoza, N.L.",19.2
-97.83,20.18,ZRGPB,PUE,"Zaragoza, Pue.",12.8
-98.65,20.65,ZXTHD,HGO,"Zacualtip·n, Hgo.",17.1
